implementation,page_policy,memory_policy,group,repetitions,measurement_seconds_min,measurement_seconds_median,measurement_seconds_max,first_algorithm_ns_min,first_algorithm_ns_median,first_algorithm_ns_max,first_sink_ns_min,first_sink_ns_median,first_sink_ns_max,first_minor_faults_min,first_minor_faults_median,first_minor_faults_max,first_major_faults_min,first_major_faults_median,first_major_faults_max,algorithm_mean_ns_min,algorithm_mean_ns_median,algorithm_mean_ns_max,algorithm_p50_ns_min,algorithm_p50_ns_median,algorithm_p50_ns_max,algorithm_p90_ns_min,algorithm_p90_ns_median,algorithm_p90_ns_max,algorithm_p99_ns_min,algorithm_p99_ns_median,algorithm_p99_ns_max,algorithm_p99_9_ns_min,algorithm_p99_9_ns_median,algorithm_p99_9_ns_max,algorithm_max_ns_min,algorithm_max_ns_median,algorithm_max_ns_max,sink_mean_ns_min,sink_mean_ns_median,sink_mean_ns_max,sink_p50_ns_min,sink_p50_ns_median,sink_p50_ns_max,sink_p90_ns_min,sink_p90_ns_median,sink_p90_ns_max,sink_p99_ns_min,sink_p99_ns_median,sink_p99_ns_max,sink_p99_9_ns_min,sink_p99_9_ns_median,sink_p99_9_ns_max,sink_max_ns_min,sink_max_ns_median,sink_max_ns_max,total_mean_ns_min,total_mean_ns_median,total_mean_ns_max,total_p50_ns_min,total_p50_ns_median,total_p50_ns_max,total_p90_ns_min,total_p90_ns_median,total_p90_ns_max,total_p99_ns_min,total_p99_ns_median,total_p99_ns_max,total_p99_9_ns_min,total_p99_9_ns_median,total_p99_9_ns_max,total_max_ns_min,total_max_ns_median,total_max_ns_max,rss_kb_min,rss_kb_median,rss_kb_max,anon_huge_kb_min,anon_huge_kb_median,anon_huge_kb_max,private_hugetlb_kb_min,private_hugetlb_kb_median,private_hugetlb_kb_max,shared_hugetlb_kb_min,shared_hugetlb_kb_median,shared_hugetlb_kb_max,locked_kb_min,locked_kb_median,locked_kb_max,vm_lck_kb_min,vm_lck_kb_median,vm_lck_kb_max,cycles_per_frame_min,cycles_per_frame_median,cycles_per_frame_max,instructions_per_frame_min,instructions_per_frame_median,instructions_per_frame_max,ipc_min,ipc_median,ipc_max,branches_per_frame_min,branches_per_frame_median,branches_per_frame_max,branch_miss_rate_min,branch_miss_rate_median,branch_miss_rate_max,l1d_loads_per_frame_min,l1d_loads_per_frame_median,l1d_loads_per_frame_max,l1d_misses_per_frame_min,l1d_misses_per_frame_median,l1d_misses_per_frame_max,l1d_miss_rate_min,l1d_miss_rate_median,l1d_miss_rate_max,l2_requests_per_frame_min,l2_requests_per_frame_median,l2_requests_per_frame_max,l2_misses_per_frame_min,l2_misses_per_frame_median,l2_misses_per_frame_max,l2_miss_rate_min,l2_miss_rate_median,l2_miss_rate_max,l1_dtlb_misses_per_frame_min,l1_dtlb_misses_per_frame_median,l1_dtlb_misses_per_frame_max,l2_dtlb_misses_per_frame_min,l2_dtlb_misses_per_frame_median,l2_dtlb_misses_per_frame_max,page_faults_min,page_faults_median,page_faults_max,minor_faults_min,minor_faults_median,minor_faults_max,major_faults_min,major_faults_median,major_faults_max,context_switches_min,context_switches_median,context_switches_max,cpu_migrations_min,cpu_migrations_median,cpu_migrations_max,minimum_counter_coverage_percent_min,minimum_counter_coverage_percent_median,minimum_counter_coverage_percent_max
oxiblas,base,default,core,3,2.218059966340661,2.2294822093099356,2.252554140985012,1232111.0,1305218.0,1350011.0,631.0,651.0,922.0,1.0,1.0,1.0,0.0,0.0,0.0,1108369.6,1114096.8,1125627.8,1091337.0,1095163.0,1107467.0,1167339.0,1183369.0,1204159.0,1349170.0,1364770.0,1508178.0,1544346.0,1645977.0,2140555.0,1901897.0,2014929.0,2421551.0,555.1,569.9,578.1,531.0,541.0,551.0,691.0,691.0,821.0,1062.0,1122.0,1213.0,1433.0,1643.0,1934.0,1513.0,2224.0,7835.0,1108939.5,1114675.0,1126182.9,1091888.0,1095724.0,1107938.0,1168031.0,1183850.0,1204720.0,1349892.0,1365281.0,1508980.0,1544978.0,1646799.0,2141677.0,1903530.0,2016442.0,2423054.0,56840.0,56892.0,56900.0,38912.0,38912.0,40960.0,0.0,0.0,0.0,0.0,0.0,0.0,0.0,0.0,0.0,0.0,0.0,0.0,4800985.4925,4826267.3605,4872408.0735,12380992.389,12380992.4225,12380992.6815,2.5410417673834846,2.5653349605806612,2.578844010431052,2466209.3115,2466209.321,2466209.568,0.00041082299518241096,0.00041443907264235465,0.0004162517303152398,,,,,,,,,,,,,,,,,,,,,,,,,,,,,,,,,,,,,,,,100.0,100.0,100.0
oxiblas,base,default,dtlb,3,2.205120401456952,2.2052856031805277,2.2291289288550615,1253982.0,1278318.0,1356433.0,802.0,902.0,1022.0,1.0,1.0,1.0,0.0,0.0,0.0,1101914.6,1101971.1,1113908.7,1085526.0,1087640.0,1096507.0,1162169.0,1165877.0,1184542.0,1308795.0,1316559.0,1325265.0,1531703.0,1620760.0,1766733.0,1573792.0,1803312.0,1877992.0,557.9,563.8,596.2,531.0,531.0,551.0,671.0,722.0,782.0,1032.0,1072.0,1172.0,1373.0,1563.0,1823.0,1473.0,1713.0,7574.0,1102472.5,1102567.3,1114472.5,1086167.0,1088261.0,1097048.0,1162690.0,1166438.0,1185093.0,1309446.0,1317521.0,1325997.0,1532334.0,1621812.0,1768086.0,1574453.0,1805135.0,1879555.0,56828.0,56856.0,56876.0,38912.0,38912.0,40960.0,0.0,0.0,0.0,0.0,0.0,0.0,0.0,0.0,0.0,0.0,0.0,0.0,4778547.7115,4781529.55,4822578.275,12380992.3775,12380992.3845,12380992.3955,2.5672973437636943,2.589337209993819,2.5909529683472745,,,,,,,,,,,,,,,,,,,,,,,,,1742.476,1957.529,1997.8135,97.637,102.7365,529.114,,,,,,,,,,,,,,,,100.0,100.0,100.0
oxiblas,base,default,faults,3,2.1913228295743465,2.201019210740924,2.231996575370431,1244043.0,1300529.0,1330746.0,642.0,722.0,812.0,1.0,1.0,1.0,0.0,0.0,0.0,1095039.6,1099888.5,1115352.2,1081268.0,1083633.0,1102077.0,1147061.0,1160737.0,1172328.0,1271123.0,1291332.0,1390888.0,1352576.0,1387422.0,1759410.0,1654002.0,1709475.0,1808842.0,531.1,542.9,560.2,481.0,521.0,521.0,661.0,692.0,722.0,1041.0,1042.0,1082.0,1202.0,1453.0,1512.0,1523.0,1814.0,3316.0,1095599.9,1100419.6,1115895.1,1081768.0,1084123.0,1102617.0,1147512.0,1161378.0,1172830.0,1271795.0,1292153.0,1391680.0,1353127.0,1390738.0,1760502.0,1655154.0,1710688.0,1810656.0,56772.0,56824.0,56892.0,38912.0,38912.0,38912.0,0.0,0.0,0.0,0.0,0.0,0.0,0.0,0.0,0.0,0.0,0.0,0.0,,,,,,,,,,,,,,,,,,,,,,,,,,,,,,,,,,,,,,,,0.0,0.0,0.0,0.0,0.0,0.0,0.0,0.0,0.0,14.0,15.0,21.0,0.0,0.0,0.0,100.0,100.0,100.0
oxiblas,base,default,l1d,3,2.228766653686762,2.2294149473309517,2.2405876703560352,1243893.0,1246197.0,1253461.0,641.0,702.0,721.0,1.0,1.0,1.0,0.0,0.0,0.0,1113752.4,1114045.6,1119643.9,1097047.0,1100333.0,1102217.0,1178631.0,1180323.0,1182488.0,1311219.0,1339792.0,1434300.0,1382844.0,1640306.0,1697994.0,1400476.0,1722481.0,1797010.0,546.0,546.2,593.4,521.0,521.0,561.0,661.0,721.0,781.0,1032.0,1042.0,1162.0,1323.0,1623.0,1834.0,1503.0,2574.0,7915.0,1114298.3,1114639.0,1120190.1,1097588.0,1100834.0,1102658.0,1179182.0,1181205.0,1182979.0,1312501.0,1340313.0,1435232.0,1384206.0,1641438.0,1698786.0,1401057.0,1723352.0,1798202.0,56820.0,56880.0,56924.0,38912.0,38912.0,38912.0,0.0,0.0,0.0,0.0,0.0,0.0,0.0,0.0,0.0,0.0,0.0,0.0,4827001.0345,4831724.1375,4849551.6115,12380992.395,12380992.3955,12380992.4605,2.553017966885906,2.562437777523055,2.564945046936886,,,,,,,3283974.844,3287037.9045,3289771.815,645480.0315,645888.969,645988.5715,0.1963324526202739,0.19652604876129745,0.19655449939859526,,,,,,,,,,,,,,,,,,,,,,,,,,,,,,,100.0,100.0,100.0
oxiblas,base,default,l2,3,2.1865346748381853,2.2139830086380243,2.224566737189889,1251778.0,1304807.0,1420865.0,641.0,752.0,1332.0,1.0,1.0,1.0,0.0,0.0,0.0,1092617.5,1106339.0,1111623.6,1079685.0,1090485.0,1093440.0,1150338.0,1157591.0,1178180.0,1284529.0,1301140.0,1494523.0,1497378.0,1619638.0,1724214.0,1547493.0,1740394.0,1740845.0,556.4,563.5,573.1,531.0,531.0,541.0,702.0,731.0,751.0,1022.0,1032.0,1042.0,1422.0,1482.0,1683.0,1623.0,1683.0,11101.0,1093190.7,1106902.6,1112180.1,1080266.0,1091036.0,1094002.0,1150879.0,1158193.0,1179001.0,1285401.0,1302102.0,1495936.0,1498069.0,1620329.0,1725897.0,1549116.0,1741726.0,1742077.0,56836.0,56840.0,56876.0,38912.0,38912.0,38912.0,0.0,0.0,0.0,0.0,0.0,0.0,0.0,0.0,0.0,0.0,0.0,0.0,4735265.6825,4795065.0255,4815562.7875,12380992.386,12380992.4085,12380992.425,2.5710374822934443,2.582028052311759,2.6146352108089976,,,,,,,,,,,,,,,,646427.8455,646848.7135,647347.6605,19987.0365,21643.642,21933.668,0.030919207207945068,0.03346012993191182,0.033882362350794344,,,,,,,,,,,,,,,,,,,,,,100.0,100.0,100.0
oxiblas,base,locked,core,3,2.197808986529708,2.19961903616786,2.2561943233013153,1118448.0,1140890.0,1156108.0,742.0,781.0,832.0,0.0,0.0,0.0,0.0,0.0,0.0,1098246.9,1099170.4,1127476.7,1083733.0,1085926.0,1108408.0,1144546.0,1160256.0,1206884.0,1288958.0,1328051.0,1344421.0,1489704.0,1557231.0,1714576.0,1806948.0,1926513.0,1980504.0,529.7,569.3,572.9,491.0,541.0,551.0,641.0,721.0,791.0,1012.0,1012.0,1192.0,1282.0,1553.0,1673.0,1623.0,1733.0,2324.0,1098819.8,1099739.7,1128006.4,1084373.0,1086418.0,1108990.0,1145197.0,1161198.0,1207615.0,1289920.0,1328802.0,1345072.0,1491257.0,1558133.0,1715437.0,1808381.0,1927835.0,1982197.0,57872.0,57872.0,57872.0,38912.0,38912.0,38912.0,0.0,0.0,0.0,0.0,0.0,0.0,55748.0,55748.0,55748.0,57864.0,57864.0,57864.0,4758135.841,4768156.8,4876045.5525,12380992.3775,12380992.618,12380992.6975,2.539146233191389,2.596599301851818,2.6020678667505073,2466209.306,2466209.5405,2466209.602,0.0004118085182507214,0.0004126299723976178,0.00041432144480020106,,,,,,,,,,,,,,,,,,,,,,,,,,,,,,,,,,,,,,,,100.0,100.0,100.0
oxiblas,base,locked,dtlb,3,2.2027681209146976,2.2159291114658117,2.227472212165594,1217584.0,1248471.0,1331838.0,661.0,781.0,812.0,0.0,0.0,0.0,0.0,0.0,0.0,1100736.1,1107315.1,1113041.5,1086187.0,1087279.0,1095956.0,1162711.0,1174783.0,1178460.0,1281123.0,1331297.0,1409474.0,1348759.0,1556188.0,1659843.0,1796369.0,1867011.0,1927885.0,562.8,563.2,596.4,531.0,541.0,541.0,682.0,731.0,781.0,1022.0,1072.0,1092.0,1392.0,1493.0,7634.0,1683.0,2515.0,25037.0,1101298.9,1107878.3,1113637.9,1086798.0,1087900.0,1096497.0,1163252.0,1175605.0,1179021.0,1281774.0,1332208.0,1410445.0,1349300.0,1557050.0,1661235.0,1797541.0,1868253.0,1929268.0,57872.0,57872.0,57872.0,38912.0,38912.0,38912.0,0.0,0.0,0.0,0.0,0.0,0.0,55748.0,55748.0,55748.0,57864.0,57864.0,57864.0,4770490.0465,4802257.044,4819226.229,12380992.3725,12380992.4045,12380992.4085,2.569083047813068,2.578161121127193,2.595329253769988,,,,,,,,,,,,,,,,,,,,,,,,,1671.967,1842.6695,2073.9685,39.219,88.973,227.9645,,,,,,,,,,,,,,,,100.0,100.0,100.0
oxiblas,base,locked,faults,3,2.2256566639989614,2.2347617652267218,2.2425228860229254,1262057.0,1311199.0,1389356.0,731.0,982.0,1132.0,0.0,0.0,0.0,0.0,0.0,0.0,1112210.6,1116698.3,1120658.9,1092188.0,1095896.0,1099872.0,1175805.0,1186375.0,1191554.0,1369709.0,1413671.0,1464226.0,1679610.0,1681674.0,1815916.0,1821947.0,1916544.0,1997697.0,528.5,553.3,595.6,511.0,531.0,561.0,641.0,721.0,752.0,922.0,1052.0,1082.0,1262.0,1363.0,1653.0,1503.0,1724.0,8416.0,1112763.8,1117293.9,1121187.4,1092629.0,1096396.0,1100413.0,1176446.0,1186826.0,1192186.0,1370340.0,1415324.0,1464817.0,1680843.0,1682455.0,1816978.0,1822689.0,1917867.0,1998578.0,57872.0,57872.0,57872.0,36864.0,38912.0,38912.0,0.0,0.0,0.0,0.0,0.0,0.0,55748.0,55748.0,55748.0,57864.0,57864.0,57864.0,,,,,,,,,,,,,,,,,,,,,,,,,,,,,,,,,,,,,,,,0.0,0.0,27.0,0.0,0.0,27.0,0.0,0.0,0.0,13.0,15.0,45.0,0.0,0.0,0.0,100.0,100.0,100.0
oxiblas,base,locked,l1d,3,2.2127958051860332,2.2264281511306763,2.236097889021039,1239725.0,1303344.0,1406658.0,622.0,901.0,922.0,0.0,0.0,0.0,0.0,0.0,0.0,1105738.3,1112601.7,1117422.1,1085857.0,1094713.0,1096166.0,1174172.0,1191866.0,1203727.0,1341446.0,1434129.0,1450390.0,1624727.0,1627572.0,1848757.0,1686122.0,1914119.0,2001363.0,524.2,539.5,551.0,481.0,511.0,511.0,632.0,661.0,761.0,952.0,1012.0,1032.0,1273.0,1633.0,1683.0,1553.0,2093.0,11231.0,1106277.8,1113125.9,1117973.1,1086488.0,1095194.0,1096647.0,1175074.0,1192417.0,1204399.0,1342107.0,1434891.0,1450951.0,1625358.0,1628183.0,1849739.0,1687775.0,1915131.0,2002696.0,57872.0,57872.0,57872.0,38912.0,38912.0,38912.0,0.0,0.0,0.0,0.0,0.0,0.0,55748.0,55748.0,55748.0,57864.0,57864.0,57864.0,4796880.0095,4816080.1555,4835712.4355,12380992.3965,12380992.4185,12380992.7285,2.560324370326177,2.570761351295371,2.5810510986266104,,,,,,,3282964.991,3283318.4625,3290533.9145,644113.399,645760.61,646121.7705,0.19619868038976598,0.1963577301704179,0.19667924917289378,,,,,,,,,,,,,,,,,,,,,,,,,,,,,,,100.0,100.0,100.0
oxiblas,base,locked,l2,3,2.1921313423663378,2.2126544658094645,2.2155400700867176,1191174.0,1278838.0,1377463.0,661.0,811.0,1112.0,0.0,0.0,0.0,0.0,0.0,0.0,1095392.9,1105686.0,1107111.4,1083943.0,1091857.0,1092038.0,1150848.0,1166988.0,1167219.0,1259121.0,1290591.0,1322580.0,1344612.0,1348208.0,1570244.0,1555668.0,1833668.0,1987237.0,546.9,570.6,579.3,521.0,541.0,551.0,692.0,711.0,731.0,1052.0,1052.0,1072.0,1413.0,1503.0,1543.0,2014.0,2034.0,7404.0,1095939.8,1106265.2,1107682.0,1084383.0,1092469.0,1092579.0,1151330.0,1167750.0,1167830.0,1259672.0,1291342.0,1323201.0,1345624.0,1349851.0,1571527.0,1556780.0,1835031.0,1988640.0,57872.0,57872.0,57872.0,38912.0,38912.0,38912.0,0.0,0.0,0.0,0.0,0.0,0.0,55748.0,55748.0,55748.0,57864.0,57864.0,57864.0,4766269.9655,4791637.728,4796253.9235,12380992.372,12380992.3825,12380992.4425,2.58138802489947,2.5838748848126607,2.5976271721111344,,,,,,,,,,,,,,,,646344.1965,646649.5295,646801.722,21165.549,21769.896,22089.096,0.03272339618168178,0.03366567979541072,0.034175437978114495,,,,,,,,,,,,,,,,,,,,,,100.0,100.0,100.0
oxiblas,base,prefault,core,3,2.2228851318359375,2.233535857871175,2.2355381175875664,1247029.0,1287264.0,1300880.0,631.0,752.0,761.0,0.0,0.0,0.0,0.0,0.0,0.0,1110782.7,1116066.9,1117083.9,1093531.0,1097068.0,1097569.0,1165005.0,1190212.0,1198107.0,1343630.0,1360752.0,1481960.0,1611903.0,1618966.0,1662949.0,1840993.0,1950628.0,1993549.0,534.1,569.6,596.3,481.0,541.0,561.0,672.0,751.0,821.0,1042.0,1102.0,1102.0,1403.0,1623.0,1654.0,1583.0,1713.0,3106.0,1111352.4,1116663.2,1117618.0,1094002.0,1097529.0,1098049.0,1165676.0,1190823.0,1198678.0,1344932.0,1361464.0,1482461.0,1612885.0,1619728.0,1664031.0,1842305.0,1952011.0,1995212.0,57872.0,57872.0,57872.0,38912.0,38912.0,40960.0,0.0,0.0,0.0,0.0,0.0,0.0,0.0,0.0,0.0,0.0,0.0,0.0,4810254.9475,4836295.193,4838993.4225,12380992.3735,12380992.4055,12380992.42,2.558588396180032,2.5600158549916703,2.5738744704030054,2466209.308,2466209.316,2466209.3185,0.00041005298838146147,0.0004160407215525763,0.00041738732080782217,,,,,,,,,,,,,,,,,,,,,,,,,,,,,,,,,,,,,,,,100.0,100.0,100.0
oxiblas,base,prefault,dtlb,3,2.2296467274427414,2.237010160461068,2.2404999807476997,1274781.0,1284539.0,1329964.0,661.0,932.0,972.0,0.0,0.0,0.0,0.0,0.0,0.0,1114173.1,1117856.0,1119580.5,1090615.0,1097218.0,1099722.0,1182878.0,1184712.0,1191915.0,1390167.0,1483031.0,1554866.0,1645606.0,1683247.0,1785929.0,1690290.0,1739753.0,1934368.0,555.7,563.3,582.5,531.0,531.0,541.0,722.0,732.0,832.0,1032.0,1072.0,1142.0,1503.0,1503.0,1954.0,1824.0,2755.0,7143.0,1114736.5,1118411.7,1120163.0,1091126.0,1097849.0,1100223.0,1183429.0,1185173.0,1192556.0,1390648.0,1483742.0,1556439.0,1647039.0,1684068.0,1786961.0,1691793.0,1741256.0,1935600.0,57872.0,57872.0,57872.0,38912.0,38912.0,40960.0,0.0,0.0,0.0,0.0,0.0,0.0,0.0,0.0,0.0,0.0,0.0,0.0,4821349.447,4840430.636,4843477.2085,12380992.381,12380992.389,12380992.4105,2.556219814304511,2.5578286974960798,2.5679516735099663,,,,,,,,,,,,,,,,,,,,,,,,,1720.133,2044.7175,2119.0145,88.0355,113.814,802.5715,,,,,,,,,,,,,,,,100.0,100.0,100.0
oxiblas,base,prefault,faults,3,2.201448567211628,2.2184372525662184,2.225452736020088,1252529.0,1422247.0,1546120.0,761.0,1112.0,1122.0,0.0,0.0,0.0,0.0,0.0,0.0,1100125.8,1108540.7,1112073.4,1086287.0,1087560.0,1094592.0,1162090.0,1178480.0,1182428.0,1276113.0,1354380.0,1359790.0,1365481.0,1667447.0,1777514.0,1665052.0,1927625.0,4520948.0,526.3,562.3,581.8,491.0,541.0,551.0,651.0,731.0,741.0,1012.0,1062.0,1112.0,1382.0,1573.0,1673.0,1764.0,1934.0,6983.0,1100652.0,1109103.0,1112655.1,1086818.0,1088140.0,1095153.0,1162650.0,1179091.0,1183029.0,1276734.0,1355302.0,1360722.0,1366263.0,1668619.0,1778235.0,1666585.0,1928927.0,4521690.0,57872.0,57872.0,57872.0,38912.0,38912.0,38912.0,0.0,0.0,0.0,0.0,0.0,0.0,0.0,0.0,0.0,0.0,0.0,0.0,,,,,,,,,,,,,,,,,,,,,,,,,,,,,,,,,,,,,,,,0.0,0.0,17.0,0.0,0.0,17.0,0.0,0.0,0.0,17.0,19.0,32.0,0.0,0.0,0.0,100.0,100.0,100.0
oxiblas,base,prefault,l1d,3,2.2183300126343966,2.2230255007743835,2.23255243524909,1235167.0,1422057.0,1439469.0,651.0,822.0,901.0,0.0,0.0,0.0,0.0,0.0,0.0,1108536.4,1110885.3,1115686.9,1089293.0,1090766.0,1098821.0,1174583.0,1175484.0,1188739.0,1331357.0,1364118.0,1465128.0,1593138.0,1675422.0,1734252.0,1855440.0,1869646.0,2147127.0,510.8,542.4,548.3,471.0,491.0,521.0,651.0,671.0,711.0,992.0,1022.0,1072.0,1292.0,1373.0,1413.0,1593.0,1723.0,9378.0,1109078.8,1111433.5,1116197.7,1089804.0,1091357.0,1099251.0,1175064.0,1176135.0,1189210.0,1331938.0,1365180.0,1466410.0,1593829.0,1676093.0,1735064.0,1857103.0,1871059.0,2148379.0,57872.0,57872.0,57872.0,38912.0,38912.0,40960.0,0.0,0.0,0.0,0.0,0.0,0.0,0.0,0.0,0.0,0.0,0.0,0.0,4803030.6795,4810494.281,4836524.1375,12380992.38,12380992.4105,12380992.426,2.559894680252694,2.5737464087424824,2.5777458551001535,,,,,,,3282363.0035,3283544.583,3284705.5075,645252.8265,645611.8235,650798.908,0.1965110599809389,0.19655089992873584,0.1982714609280113,,,,,,,,,,,,,,,,,,,,,,,,,,,,,,,100.0,100.0,100.0
oxiblas,base,prefault,l2,3,2.213838193565607,2.2149983383715153,2.2234147880226374,1255625.0,1351014.0,1438247.0,821.0,902.0,1413.0,0.0,0.0,0.0,0.0,0.0,0.0,1106284.4,1106865.5,1111060.1,1085516.0,1088912.0,1089634.0,1169674.0,1172840.0,1184682.0,1347547.0,1405736.0,1568281.0,1610981.0,1621622.0,1821937.0,1636849.0,1863965.0,1947854.0,540.4,550.0,565.5,521.0,521.0,531.0,651.0,702.0,721.0,1012.0,1032.0,1102.0,1303.0,1643.0,1713.0,1644.0,1683.0,1984.0,1106824.8,1107415.5,1111625.6,1086057.0,1089433.0,1090134.0,1170145.0,1173371.0,1185313.0,1348479.0,1406818.0,1569103.0,1611723.0,1622493.0,1822919.0,1637741.0,1865629.0,1949106.0,57872.0,57872.0,57872.0,38912.0,38912.0,40960.0,0.0,0.0,0.0,0.0,0.0,0.0,0.0,0.0,0.0,0.0,0.0,0.0,4788886.963,4796434.839,4808526.0275,12380992.395,12380992.399,12380992.6755,2.5747999133607684,2.581290648281024,2.5853591390146162,,,,,,,,,,,,,,,,646554.867,647127.5315,647238.8905,20416.2875,21684.59,21735.325,0.031543666179002575,0.033538669503202424,0.03358739033961191,,,,,,,,,,,,,,,,,,,,,,100.0,100.0,100.0
oxiblas,hugetlb,default,core,3,2.2209185287356377,2.2300838828086853,2.2419499289244413,1363137.0,1384025.0,1390428.0,711.0,822.0,1243.0,1.0,1.0,1.0,0.0,0.0,0.0,1109878.1,1114478.7,1120437.6,1090275.0,1105233.0,1111063.0,1166879.0,1168882.0,1188188.0,1284669.0,1293005.0,1355763.0,1357536.0,1486247.0,1640867.0,1515873.0,1842155.0,1868124.0,462.7,478.5,490.9,441.0,451.0,451.0,531.0,561.0,581.0,852.0,921.0,962.0,1152.0,1253.0,1493.0,1362.0,1783.0,7214.0,1110369.0,1114957.2,1120900.3,1090706.0,1105724.0,1111564.0,1167330.0,1169423.0,1188729.0,1285250.0,1293436.0,1356314.0,1358077.0,1486949.0,1641508.0,1517386.0,1843447.0,1869296.0,2576.0,2632.0,2656.0,0.0,0.0,0.0,38912.0,38912.0,38912.0,0.0,0.0,0.0,0.0,0.0,0.0,0.0,0.0,0.0,4806230.454,4829447.53,4858610.879,12379968.3605,12379968.3865,12379968.412,2.5480469048280825,2.5634336605992694,2.575816641542174,2466209.307,2466209.309,2466209.3165,0.0004095862817210591,0.00041347321830257516,0.00041350261438767864,,,,,,,,,,,,,,,,,,,,,,,,,,,,,,,,,,,,,,,,100.0,100.0,100.0
oxiblas,hugetlb,default,dtlb,3,2.208719791844487,2.2201328966766596,2.233173307031393,1355522.0,1361263.0,1445270.0,701.0,761.0,1002.0,1.0,1.0,1.0,0.0,0.0,0.0,1103766.1,1109499.8,1115996.1,1090415.0,1096727.0,1101717.0,1155577.0,1161959.0,1180614.0,1315878.0,1323492.0,1339091.0,1460910.0,1631680.0,1638122.0,1687956.0,1697022.0,1895224.0,483.1,493.2,508.6,451.0,451.0,461.0,541.0,561.0,611.0,902.0,932.0,962.0,1253.0,1262.0,1533.0,1433.0,1683.0,1953.0,1104274.7,1109982.9,1116489.3,1091026.0,1097248.0,1102167.0,1156018.0,1162570.0,1181485.0,1316338.0,1323943.0,1340053.0,1461381.0,1632492.0,1638974.0,1689178.0,1698555.0,1896496.0,2588.0,2612.0,2640.0,0.0,0.0,0.0,38912.0,38912.0,38912.0,0.0,0.0,0.0,0.0,0.0,0.0,0.0,0.0,0.0,4786402.869,4811808.3595,4846882.3755,12379968.389,12379968.3915,12379968.4335,2.5542126737133564,2.572830724764445,2.586486923965614,,,,,,,,,,,,,,,,,,,,,,,,,8.0635,8.809,9.827,0.459,0.522,0.6465,,,,,,,,,,,,,,,,100.0,100.0,100.0
oxiblas,hugetlb,default,faults,3,2.2057903427630663,2.218684159219265,2.2363436594605446,1345453.0,1358137.0,1358648.0,711.0,721.0,752.0,1.0,1.0,1.0,0.0,0.0,0.0,1102340.0,1108755.1,1117580.2,1091066.0,1092088.0,1098090.0,1154235.0,1163312.0,1177558.0,1266025.0,1439490.0,1470458.0,1418320.0,1720947.0,1877992.0,1641559.0,1803652.0,1902679.0,493.3,502.2,512.3,461.0,461.0,461.0,562.0,611.0,612.0,872.0,992.0,992.0,1112.0,1422.0,1483.0,1342.0,1593.0,1723.0,1102833.3,1109267.5,1118082.4,1091597.0,1092559.0,1098581.0,1154725.0,1163762.0,1177939.0,1266586.0,1440602.0,1471199.0,1418771.0,1722220.0,1878884.0,1642250.0,1804604.0,1903871.0,2624.0,2640.0,2668.0,0.0,0.0,0.0,38912.0,38912.0,38912.0,0.0,0.0,0.0,0.0,0.0,0.0,0.0,0.0,0.0,,,,,,,,,,,,,,,,,,,,,,,,,,,,,,,,,,,,,,,,0.0,0.0,0.0,0.0,0.0,0.0,0.0,0.0,0.0,10.0,13.0,15.0,0.0,0.0,0.0,100.0,100.0,100.0
oxiblas,hugetlb,default,l1d,3,2.1993150152266026,2.247771507129073,2.2589026987552643,1290660.0,1320356.0,1362896.0,731.0,741.0,841.0,1.0,1.0,1.0,0.0,0.0,0.0,1099092.8,1123300.8,1128842.5,1087670.0,1099683.0,1112947.0,1150518.0,1183970.0,1197316.0,1256527.0,1476028.0,1503720.0,1374688.0,1639614.0,1649734.0,1660524.0,1753178.0,1848857.0,469.6,481.7,506.4,450.0,451.0,461.0,531.0,571.0,591.0,852.0,962.0,982.0,1183.0,1452.0,1483.0,1312.0,1654.0,1874.0,1099562.3,1123782.5,1129348.9,1088120.0,1100093.0,1113418.0,1151059.0,1184441.0,1198046.0,1256998.0,1476549.0,1504321.0,1375630.0,1640216.0,1650385.0,1661707.0,1754370.0,1850000.0,2532.0,2636.0,2660.0,0.0,0.0,0.0,38912.0,38912.0,38912.0,0.0,0.0,0.0,0.0,0.0,0.0,0.0,0.0,0.0,4769698.2685,4861862.518,4887130.2335,12379968.3835,12379968.4135,12379968.4455,2.533177513592446,2.5463427519116038,2.5955454094988943,,,,,,,3058838.2805,3060417.35,3061263.296,644345.207,644867.8415,646203.9285,0.21065030181807284,0.21071238584502208,0.2110906073791047,,,,,,,,,,,,,,,,,,,,,,,,,,,,,,,100.0,100.0,100.0
oxiblas,hugetlb,default,l2,3,2.2172982040792704,2.232125334441662,2.2494356762617826,1304336.0,1312922.0,1479385.0,711.0,852.0,1193.0,1.0,1.0,1.0,0.0,0.0,0.0,1108073.7,1115462.9,1124145.5,1089944.0,1096496.0,1106044.0,1172299.0,1180625.0,1182307.0,1413391.0,1456893.0,1487390.0,1606643.0,1657057.0,1797110.0,1746085.0,1769558.0,1892158.0,472.1,488.6,530.2,450.0,451.0,471.0,551.0,561.0,651.0,871.0,921.0,982.0,1182.0,1302.0,1674.0,1352.0,1362.0,7735.0,1108545.8,1115993.0,1124634.1,1090375.0,1097028.0,1106575.0,1172760.0,1181176.0,1182848.0,1413862.0,1457574.0,1488011.0,1608005.0,1658430.0,1797801.0,1747387.0,1770721.0,1893340.0,2616.0,2628.0,2660.0,0.0,0.0,0.0,38912.0,38912.0,38912.0,0.0,0.0,0.0,0.0,0.0,0.0,0.0,0.0,0.0,4799894.681,4827810.2175,4871273.4005,12379968.408,12379968.4195,12379968.445,2.5414234410922796,2.5643030457420832,2.579216679171132,,,,,,,,,,,,,,,,645956.692,646532.165,646765.913,34202.8565,34398.706,34406.6915,0.052949148021211305,0.05318571264902144,0.053217292754491184,,,,,,,,,,,,,,,,,,,,,,100.0,100.0,100.0
oxiblas,hugetlb,locked,core,3,2.2144420072436333,2.2175754122436047,2.2491479329764843,1271775.0,1278167.0,1311229.0,631.0,631.0,812.0,0.0,0.0,0.0,0.0,0.0,0.0,1106667.4,1108206.0,1123972.1,1091006.0,1097348.0,1105995.0,1158223.0,1176577.0,1187087.0,1267157.0,1316078.0,1394064.0,1360181.0,1635017.0,1763999.0,1377803.0,1894984.0,1904131.0,479.2,497.3,499.4,451.0,460.0,461.0,551.0,571.0,611.0,892.0,932.0,1022.0,1132.0,1183.0,1393.0,1182.0,1282.0,5000.0,1107146.6,1108703.3,1124471.5,1091437.0,1097789.0,1106505.0,1158673.0,1177248.0,1187728.0,1267608.0,1316700.0,1394645.0,1360772.0,1635648.0,1765201.0,1378695.0,1896186.0,1905363.0,3412.0,3412.0,3412.0,0.0,0.0,0.0,38912.0,38912.0,38912.0,0.0,0.0,0.0,1288.0,1288.0,1288.0,3404.0,3404.0,3404.0,4802670.5965,4803672.5385,4864483.509,12379968.3675,12379968.417,12379968.442,2.544970785509965,2.5771882539407613,2.577725896196595,2466209.308,2466209.3285,2466209.3335,0.0004106778318838072,0.00041347524159793714,0.00041479224682254746,,,,,,,,,,,,,,,,,,,,,,,,,,,,,,,,,,,,,,,,100.0,100.0,100.0
oxiblas,hugetlb,locked,dtlb,3,2.2032510843127966,2.2142476309090853,2.240109646692872,1309977.0,1342487.0,1400296.0,651.0,712.0,801.0,0.0,0.0,0.0,0.0,0.0,0.0,1101063.6,1106556.7,1119475.7,1090075.0,1095625.0,1108118.0,1152601.0,1158793.0,1173541.0,1265563.0,1265613.0,1274821.0,1378254.0,1396690.0,1447545.0,1626871.0,1788204.0,2011051.0,485.6,493.7,500.8,451.0,460.0,461.0,561.0,571.0,581.0,871.0,902.0,961.0,1182.0,1182.0,1333.0,1333.0,1423.0,6913.0,1101564.3,1107042.3,1119969.4,1090526.0,1096095.0,1108589.0,1153092.0,1159234.0,1174062.0,1266044.0,1266064.0,1275312.0,1379056.0,1397241.0,1448397.0,1628033.0,1789366.0,2012274.0,3412.0,3412.0,3412.0,0.0,0.0,0.0,38912.0,38912.0,38912.0,0.0,0.0,0.0,1288.0,1288.0,1288.0,3404.0,3404.0,3404.0,4782397.6505,4796964.7285,4850365.715,12379968.37,12379968.403,12379968.4035,2.5523783422586726,2.580792043340954,2.588653072106138,,,,,,,,,,,,,,,,,,,,,,,,,6.359,8.653,9.287,0.4535,0.506,0.6845,,,,,,,,,,,,,,,,100.0,100.0,100.0
oxiblas,hugetlb,locked,faults,3,2.216415051370859,2.2355769611895084,2.236820189282298,1289939.0,1335635.0,1349882.0,711.0,721.0,812.0,0.0,0.0,0.0,0.0,0.0,0.0,1107436.4,1117218.0,1117815.4,1087960.0,1095845.0,1104682.0,1175544.0,1184180.0,1197476.0,1307722.0,1318774.0,1481839.0,1562310.0,1620158.0,1698085.0,1643322.0,1875146.0,2047460.0,498.0,502.5,523.7,461.0,461.0,491.0,572.0,601.0,631.0,912.0,952.0,1042.0,1212.0,1412.0,1432.0,1283.0,1673.0,1904.0,1107938.9,1117716.1,1118339.0,1088471.0,1096326.0,1105193.0,1176075.0,1184711.0,1197987.0,1308794.0,1319435.0,1482540.0,1562991.0,1620739.0,1698976.0,1644534.0,1876579.0,2048222.0,3412.0,3412.0,3412.0,0.0,0.0,0.0,38912.0,38912.0,38912.0,0.0,0.0,0.0,1288.0,1288.0,1288.0,3404.0,3404.0,3404.0,,,,,,,,,,,,,,,,,,,,,,,,,,,,,,,,,,,,,,,,0.0,0.0,0.0,0.0,0.0,0.0,0.0,0.0,0.0,12.0,15.0,18.0,0.0,0.0,0.0,100.0,100.0,100.0
oxiblas,hugetlb,locked,l1d,3,2.19866044819355,2.2354535702615976,2.251265525817871,1293997.0,1312081.0,1315377.0,621.0,632.0,931.0,0.0,0.0,0.0,0.0,0.0,0.0,1098680.0,1117148.4,1125023.0,1084995.0,1104562.0,1106816.0,1157851.0,1174182.0,1184241.0,1268699.0,1303605.0,1541481.0,1365320.0,1451892.0,1650856.0,1829421.0,1941061.0,1941962.0,501.7,503.2,522.2,461.0,461.0,511.0,591.0,591.0,611.0,931.0,962.0,1002.0,1192.0,1252.0,1363.0,1342.0,1623.0,1723.0,1099202.2,1117650.1,1125526.2,1085515.0,1105013.0,1107277.0,1158383.0,1174623.0,1184772.0,1269211.0,1304286.0,1542252.0,1365781.0,1452724.0,1651488.0,1830613.0,1942353.0,1943405.0,3412.0,3412.0,3412.0,0.0,0.0,0.0,38912.0,38912.0,38912.0,0.0,0.0,0.0,1288.0,1288.0,1288.0,3404.0,3404.0,3404.0,4768631.7475,4846193.7895,4873456.933,12379968.3705,12379968.4035,12379968.433,2.5402847718157933,2.5545755991687833,2.596125896488089,,,,,,,3057977.9845,3059425.733,3060268.261,644266.162,644814.309,645825.4325,0.21068371494680393,0.2107051585044034,0.21109367863841524,,,,,,,,,,,,,,,,,,,,,,,,,,,,,,,100.0,100.0,100.0
oxiblas,hugetlb,locked,l2,3,2.2019225526601076,2.202363070100546,2.220798831433058,1370931.0,1402110.0,1654323.0,721.0,802.0,1423.0,0.0,0.0,0.0,0.0,0.0,0.0,1100366.9,1100591.3,1109777.7,1089043.0,1090054.0,1092960.0,1150998.0,1152472.0,1170445.0,1257799.0,1286744.0,1343440.0,1414212.0,1530570.0,1632251.0,1605651.0,1859017.0,2222658.0,497.8,513.1,518.9,461.0,471.0,511.0,571.0,611.0,612.0,932.0,942.0,982.0,1132.0,1253.0,1593.0,1272.0,1773.0,2124.0,1100864.7,1101104.4,1110296.6,1089494.0,1090585.0,1093411.0,1151559.0,1152973.0,1170946.0,1258320.0,1287375.0,1344141.0,1415084.0,1531843.0,1632882.0,1606814.0,1860209.0,2223990.0,3412.0,3412.0,3412.0,0.0,0.0,0.0,38912.0,38912.0,38912.0,0.0,0.0,0.0,1288.0,1288.0,1288.0,3404.0,3404.0,3404.0,4774505.843,4775946.6155,4807959.193,12379968.3635,12379968.385,12379968.4045,2.5748904904443104,2.5921496577917518,2.5929318699338326,,,,,,,,,,,,,,,,645755.908,646609.3945,647354.6935,34373.224,34489.7795,34916.7025,0.05315917815666688,0.05340993256541758,0.053937513469190596,,,,,,,,,,,,,,,,,,,,,,100.0,100.0,100.0
oxiblas,hugetlb,prefault,core,3,2.201828060671687,2.212241366505623,2.2140651531517506,1302202.0,1317491.0,1325827.0,691.0,731.0,802.0,0.0,0.0,0.0,0.0,0.0,0.0,1100328.8,1105512.4,1106432.0,1088462.0,1088852.0,1091467.0,1156068.0,1165476.0,1172710.0,1262427.0,1312762.0,1332459.0,1364880.0,1596344.0,1674851.0,1434601.0,1625569.0,2061666.0,500.5,508.4,514.0,461.0,461.0,471.0,591.0,591.0,631.0,922.0,942.0,1052.0,1212.0,1262.0,1353.0,1613.0,1664.0,2014.0,1100837.3,1106026.4,1106932.6,1088952.0,1089303.0,1091978.0,1156529.0,1165927.0,1173160.0,1263048.0,1313283.0,1333181.0,1365712.0,1597647.0,1675602.0,1435623.0,1625950.0,2063330.0,3412.0,3412.0,3412.0,0.0,0.0,0.0,38912.0,38912.0,38912.0,0.0,0.0,0.0,0.0,0.0,0.0,0.0,0.0,0.0,4769359.9615,4787292.058,4791961.3125,12379968.3815,12379968.4085,12379968.4145,2.5834867201883323,2.586006506081439,2.5957295069853368,2466209.304,2466209.313,2466209.319,0.00041029262940449926,0.00041108858629956846,0.00041591968374197845,,,,,,,,,,,,,,,,,,,,,,,,,,,,,,,,,,,,,,,,100.0,100.0,100.0
oxiblas,hugetlb,prefault,dtlb,3,2.2108932211995125,2.215453650802374,2.2204317525029182,1313273.0,1333090.0,1455139.0,752.0,811.0,842.0,0.0,0.0,0.0,0.0,0.0,0.0,1104846.6,1107154.4,1109660.8,1092759.0,1093280.0,1093942.0,1157641.0,1161518.0,1183339.0,1287435.0,1315758.0,1336657.0,1437466.0,1580664.0,1618916.0,1675682.0,1820274.0,1931753.0,470.8,490.1,495.7,451.0,451.0,461.0,541.0,561.0,601.0,872.0,882.0,932.0,1162.0,1252.0,1643.0,1333.0,1783.0,1784.0,1105342.4,1107644.5,1110131.6,1093221.0,1093751.0,1094392.0,1158162.0,1162049.0,1183820.0,1288126.0,1316489.0,1337158.0,1438458.0,1581295.0,1620219.0,1676484.0,1820905.0,1933086.0,3412.0,3412.0,3412.0,0.0,0.0,0.0,38912.0,38912.0,38912.0,0.0,0.0,0.0,0.0,0.0,0.0,0.0,0.0,0.0,4787614.379,4798007.4115,4802138.9415,12379968.394,12379968.402,12379968.403,2.578011289097142,2.5802311943760947,2.585832404611048,,,,,,,,,,,,,,,,,,,,,,,,,8.343,8.9515,9.467,0.3995,0.458,0.6615,,,,,,,,,,,,,,,,100.0,100.0,100.0
oxiblas,hugetlb,prefault,faults,3,2.2056672126054764,2.2331280894577503,2.244055461138487,1322410.0,1343440.0,1372914.0,661.0,711.0,822.0,0.0,0.0,0.0,0.0,0.0,0.0,1102267.8,1115987.3,1121415.2,1091157.0,1094763.0,1105834.0,1156438.0,1166828.0,1199579.0,1253020.0,1267447.0,1545659.0,1343499.0,1414463.0,2006694.0,1709296.0,1893722.0,2054473.0,497.3,510.7,527.4,451.0,461.0,461.0,571.0,571.0,671.0,872.0,922.0,1022.0,1303.0,1603.0,1633.0,9538.0,13475.0,17372.0,1102765.1,1116497.9,1121942.6,1091618.0,1095224.0,1106415.0,1157080.0,1167319.0,1200120.0,1253451.0,1267988.0,1546370.0,1344200.0,1415224.0,2008156.0,1710478.0,1895355.0,2055485.0,3412.0,3412.0,3412.0,0.0,0.0,0.0,38912.0,38912.0,38912.0,0.0,0.0,0.0,0.0,0.0,0.0,0.0,0.0,0.0,,,,,,,,,,,,,,,,,,,,,,,,,,,,,,,,,,,,,,,,0.0,0.0,0.0,0.0,0.0,0.0,0.0,0.0,0.0,10.0,12.0,16.0,0.0,0.0,0.0,100.0,100.0,100.0
oxiblas,hugetlb,prefault,l1d,3,2.201313588768244,2.2199769467115402,2.220722496509552,1342177.0,1389857.0,1443097.0,702.0,872.0,991.0,0.0,0.0,0.0,0.0,0.0,0.0,1100086.9,1109378.6,1109774.7,1088041.0,1088301.0,1094582.0,1162219.0,1164614.0,1169022.0,1274340.0,1316449.0,1633112.0,1464898.0,1647760.0,1735856.0,1917677.0,2009459.0,2075653.0,486.4,502.6,515.1,451.0,461.0,471.0,551.0,581.0,612.0,952.0,972.0,1012.0,1252.0,1483.0,1573.0,1523.0,1673.0,1733.0,1100573.3,1109881.2,1110289.8,1088521.0,1088812.0,1095103.0,1162730.0,1165225.0,1169533.0,1274871.0,1317160.0,1634064.0,1465429.0,1648752.0,1736597.0,1919350.0,2010711.0,2077006.0,3412.0,3412.0,3412.0,0.0,0.0,0.0,38912.0,38912.0,38912.0,0.0,0.0,0.0,0.0,0.0,0.0,0.0,0.0,0.0,4767032.854,4814601.6725,4815105.7155,12379968.3825,12379968.3885,12379968.41,2.5710688641058144,2.5713380362724076,2.59699665759845,,,,,,,3058467.771,3059232.151,3060088.218,644514.695,644745.305,645176.388,0.2107312364417261,0.21075396477813757,0.2108358785883865,,,,,,,,,,,,,,,,,,,,,,,,,,,,,,,100.0,100.0,100.0
oxiblas,hugetlb,prefault,l2,3,2.19352731667459,2.200644386932254,2.243341589346528,1304276.0,1307903.0,1308824.0,612.0,691.0,711.0,0.0,0.0,0.0,0.0,0.0,0.0,1096187.6,1099714.0,1121062.0,1083381.0,1088191.0,1097438.0,1147302.0,1153723.0,1206142.0,1266135.0,1276544.0,1504051.0,1413451.0,1497057.0,1741346.0,1644655.0,1887891.0,1958063.0,499.7,501.3,507.2,461.0,461.0,470.0,571.0,591.0,592.0,942.0,962.0,981.0,1112.0,1283.0,1372.0,1222.0,1583.0,7384.0,1096687.4,1100221.2,1121563.3,1083843.0,1088672.0,1097889.0,1147933.0,1154265.0,1206673.0,1266896.0,1276995.0,1504602.0,1413922.0,1497959.0,1741907.0,1645877.0,1889033.0,1959465.0,3412.0,3412.0,3412.0,0.0,0.0,0.0,38912.0,38912.0,38912.0,0.0,0.0,0.0,0.0,0.0,0.0,0.0,0.0,0.0,4772001.908,4796209.1915,4855989.1895,12379968.3705,12379968.3725,12379968.426,2.549422567243135,2.5811985833395648,2.5942924188160235,,,,,,,,,,,,,,,,645894.414,645946.4935,646656.624,34544.7475,34555.784,34720.9405,0.0534835829993724,0.05349635666069298,0.05369300987783587,,,,,,,,,,,,,,,,,,,,,,100.0,100.0,100.0
oxiblas,thp,default,core,3,2.1967957820743322,2.2329712752252817,2.2933134958148003,1271074.0,1296903.0,1310798.0,642.0,751.0,752.0,1.0,1.0,1.0,0.0,0.0,0.0,1097769.1,1115811.1,1145967.7,1083582.0,1102187.0,1102968.0,1162079.0,1176807.0,1259512.0,1280332.0,1386490.0,1745834.0,1418560.0,1800968.0,2192192.0,1907597.0,2266751.0,3319716.0,532.7,575.3,601.0,471.0,531.0,551.0,731.0,832.0,842.0,1042.0,1102.0,1393.0,1412.0,1823.0,1824.0,2324.0,2595.0,3016.0,1098301.8,1116412.1,1146543.0,1083973.0,1102678.0,1103690.0,1162640.0,1177428.0,1260374.0,1281614.0,1387592.0,1746826.0,1419602.0,1802791.0,2193274.0,1908930.0,2267973.0,3322732.0,56836.0,56880.0,56880.0,38912.0,38912.0,38912.0,0.0,0.0,0.0,0.0,0.0,0.0,0.0,0.0,0.0,0.0,0.0,0.0,4762020.2925,4826259.1265,4957724.3405,12380992.415,12380992.453,12380992.4655,2.4973136090602694,2.56533934264294,2.599945336751208,2466209.3195,2466209.3215,2466209.334,0.00041208951370837643,0.0004121590539630592,0.00042035036754913197,,,,,,,,,,,,,,,,,,,,,,,,,,,,,,,,,,,,,,,,100.0,100.0,100.0
oxiblas,thp,default,dtlb,3,2.211075833067298,2.246207684278488,2.259149679914117,1183680.0,1339723.0,1341155.0,622.0,741.0,822.0,1.0,1.0,1.0,0.0,0.0,0.0,1104882.7,1122397.6,1128880.8,1090946.0,1097388.0,1102978.0,1165376.0,1200842.0,1221561.0,1331828.0,1507608.0,1547813.0,1597436.0,1744953.0,1779176.0,1686583.0,1831154.0,1940940.0,571.5,583.6,610.7,541.0,551.0,551.0,721.0,762.0,841.0,1032.0,1112.0,1252.0,1703.0,1833.0,1964.0,1884.0,9408.0,26460.0,1105454.3,1122981.2,1129491.5,1091607.0,1097899.0,1103559.0,1166547.0,1201703.0,1222102.0,1332419.0,1508559.0,1548474.0,1598318.0,1746035.0,1780369.0,1687365.0,1832927.0,1942523.0,56824.0,56888.0,56904.0,38912.0,38912.0,40960.0,0.0,0.0,0.0,0.0,0.0,0.0,0.0,0.0,0.0,0.0,0.0,0.0,4782928.291,4862808.109,4885837.298,12380992.3785,12380992.3855,12380992.411,2.5340574446816135,2.5460581844851076,2.5885799781479517,,,,,,,,,,,,,,,,,,,,,,,,,1912.446,2036.1255,2138.798,76.014,136.152,159.0345,,,,,,,,,,,,,,,,100.0,100.0,100.0
oxiblas,thp,default,faults,3,2.218221878632903,2.2251677475869656,2.2261676527559757,1210660.0,1307442.0,1330946.0,922.0,951.0,972.0,1.0,1.0,1.0,0.0,0.0,0.0,1108505.7,1111921.3,1112422.3,1089613.0,1092418.0,1097819.0,1170936.0,1181576.0,1183690.0,1302553.0,1335384.0,1371582.0,1509761.0,1662238.0,1693506.0,1589030.0,1684720.0,1871340.0,539.7,542.2,566.5,501.0,521.0,531.0,651.0,661.0,741.0,1002.0,1002.0,1012.0,1272.0,1322.0,1383.0,1383.0,1423.0,1864.0,1109045.4,1112487.7,1112964.5,1090114.0,1092990.0,1098440.0,1171427.0,1182307.0,1184161.0,1303625.0,1336296.0,1372193.0,1511184.0,1662989.0,1694879.0,1589612.0,1685892.0,1872762.0,56880.0,56892.0,56924.0,38912.0,38912.0,38912.0,0.0,0.0,0.0,0.0,0.0,0.0,0.0,0.0,0.0,0.0,0.0,0.0,,,,,,,,,,,,,,,,,,,,,,,,,,,,,,,,,,,,,,,,0.0,0.0,0.0,0.0,0.0,0.0,0.0,0.0,0.0,8.0,14.0,18.0,0.0,0.0,0.0,100.0,100.0,100.0
oxiblas,thp,default,l1d,3,2.205171411857009,2.209231160581112,2.2565780133008957,1289689.0,1291783.0,1369088.0,731.0,902.0,1192.0,1.0,1.0,1.0,0.0,0.0,0.0,1101936.7,1104002.1,1127610.3,1089743.0,1092800.0,1097638.0,1150918.0,1151930.0,1206783.0,1264091.0,1297163.0,1601193.0,1351114.0,1511295.0,1952652.0,1720717.0,1948113.0,1978170.0,547.1,557.3,606.3,521.0,521.0,541.0,692.0,721.0,871.0,961.0,1052.0,1493.0,1373.0,1453.0,1994.0,1503.0,3186.0,6292.0,1102494.0,1104549.2,1128216.6,1090325.0,1093370.0,1098220.0,1151890.0,1152501.0,1207324.0,1265002.0,1297964.0,1602966.0,1351865.0,1511976.0,1954396.0,1722170.0,1949616.0,1979372.0,56768.0,56896.0,56900.0,38912.0,38912.0,38912.0,0.0,0.0,0.0,0.0,0.0,0.0,0.0,0.0,0.0,0.0,0.0,0.0,4775712.8545,4785077.3005,4882270.491,12380992.38,12380992.4005,12380992.4165,2.5359087415011476,2.5874174234774205,2.5924909595085457,,,,,,,3283162.954,3288325.477,3289577.3745,644998.8575,645291.943,645327.133,0.19617326468816884,0.19623724826312258,0.19645654709711372,,,,,,,,,,,,,,,,,,,,,,,,,,,,,,,100.0,100.0,100.0
oxiblas,thp,default,l2,3,2.1903855726122856,2.1946493797004223,2.2169861774891615,1240697.0,1249844.0,1411838.0,691.0,741.0,902.0,1.0,1.0,1.0,0.0,0.0,0.0,1094569.4,1096692.0,1107862.7,1075547.0,1084564.0,1097649.0,1150999.0,1153083.0,1157331.0,1259683.0,1306280.0,1360532.0,1354771.0,1508449.0,1731367.0,1533737.0,1622503.0,1798553.0,539.2,548.2,570.6,521.0,531.0,541.0,642.0,691.0,702.0,1022.0,1022.0,1052.0,1422.0,1523.0,1874.0,1703.0,1813.0,11021.0,1095117.5,1097231.3,1108433.3,1076018.0,1085146.0,1098240.0,1151489.0,1153894.0,1157802.0,1260234.0,1306961.0,1361323.0,1355582.0,1509180.0,1732489.0,1534428.0,1623775.0,1799325.0,56852.0,56852.0,56908.0,38912.0,38912.0,38912.0,0.0,0.0,0.0,0.0,0.0,0.0,0.0,0.0,0.0,0.0,0.0,0.0,4741445.3245,4765736.224,4806548.5125,12380992.414,12380992.4155,12380992.4335,2.5758592472960085,2.5979181037443837,2.61122749882297,,,,,,,,,,,,,,,,646491.6825,646856.186,647106.0215,20661.684,21171.301,21963.3025,0.031929364452684204,0.032729533176328006,0.03397306275475555,,,,,,,,,,,,,,,,,,,,,,100.0,100.0,100.0
oxiblas,thp,locked,core,3,2.1962867323309183,2.2020753156393766,2.2026393432170153,1136702.0,1139557.0,1228805.0,651.0,732.0,802.0,0.0,0.0,0.0,0.0,0.0,0.0,1097526.1,1100399.3,1100692.9,1082831.0,1086758.0,1088451.0,1157291.0,1159755.0,1161287.0,1279670.0,1296732.0,1324644.0,1519059.0,1555186.0,1559544.0,1926843.0,1926994.0,1949707.0,523.5,545.4,552.8,471.0,511.0,531.0,631.0,651.0,731.0,1012.0,1022.0,1042.0,1312.0,1413.0,1513.0,1513.0,8135.0,9578.0,1098049.6,1100952.1,1101238.3,1083302.0,1087279.0,1089002.0,1157732.0,1160346.0,1161959.0,1280501.0,1297593.0,1325185.0,1519830.0,1555888.0,1560286.0,1928116.0,1928296.0,1950899.0,57872.0,57872.0,57872.0,38912.0,38912.0,38912.0,0.0,0.0,0.0,0.0,0.0,0.0,55748.0,55748.0,55748.0,57864.0,57864.0,57864.0,4755841.0995,4766653.075,4767786.375,12380992.382,12380992.391,12380992.403,2.59680099069036,2.5974183999115565,2.6033233936898483,2466209.3075,2466209.3105,2466209.3135,0.0004128143120964833,0.0004142878280473252,0.0004188486747084422,,,,,,,,,,,,,,,,,,,,,,,,,,,,,,,,,,,,,,,,100.0,100.0,100.0
oxiblas,thp,locked,dtlb,3,2.2054485827684402,2.2314884085208178,2.2354671973735094,1172179.0,1262167.0,1265754.0,652.0,731.0,1243.0,0.0,0.0,0.0,0.0,0.0,0.0,1102095.1,1115070.3,1117042.0,1087911.0,1099331.0,1104462.0,1161548.0,1170796.0,1179602.0,1303765.0,1338029.0,1338420.0,1389466.0,1568421.0,1569353.0,1643803.0,1667878.0,1968672.0,546.1,575.5,603.0,531.0,541.0,561.0,661.0,742.0,802.0,1022.0,1052.0,1082.0,1402.0,1703.0,1733.0,1603.0,1934.0,12714.0,1102641.2,1115645.7,1117645.0,1088411.0,1099892.0,1104962.0,1162139.0,1171417.0,1180123.0,1304356.0,1338560.0,1339141.0,1390227.0,1569062.0,1570335.0,1645075.0,1669611.0,1970375.0,57872.0,57872.0,57872.0,38912.0,38912.0,38912.0,0.0,0.0,0.0,0.0,0.0,0.0,55748.0,55748.0,55748.0,57864.0,57864.0,57864.0,4773750.5765,4829081.488,4837752.651,12380992.402,12380992.411,12380992.427,2.5592446162870184,2.563840026672998,2.59355661834294,,,,,,,,,,,,,,,,,,,,,,,,,2046.7885,2090.6115,2245.252,100.9495,133.054,807.6555,,,,,,,,,,,,,,,,100.0,100.0,100.0
oxiblas,thp,locked,faults,3,2.2049868162721395,2.219434628263116,2.2386948131024837,1159835.0,1165065.0,1212464.0,641.0,682.0,821.0,0.0,0.0,0.0,0.0,0.0,0.0,1101864.3,1109119.2,1118766.5,1086468.0,1092709.0,1101195.0,1164304.0,1176006.0,1178290.0,1301761.0,1379337.0,1497549.0,1596674.0,1628524.0,1819773.0,1631851.0,1682716.0,2288031.0,500.6,528.7,571.2,461.0,481.0,541.0,641.0,682.0,692.0,992.0,1022.0,1042.0,1393.0,1593.0,1763.0,1804.0,8276.0,8596.0,1102435.6,1109647.9,1119267.1,1087078.0,1093210.0,1101666.0,1164845.0,1176517.0,1178810.0,1306190.0,1379908.0,1498180.0,1597966.0,1630117.0,1820505.0,1633544.0,1683517.0,2289794.0,57872.0,57872.0,57872.0,36864.0,38912.0,38912.0,0.0,0.0,0.0,0.0,0.0,0.0,55748.0,55748.0,55748.0,57864.0,57864.0,57864.0,,,,,,,,,,,,,,,,,,,,,,,,,,,,,,,,,,,,,,,,0.0,0.0,0.0,0.0,0.0,0.0,0.0,0.0,0.0,11.0,17.0,22.0,0.0,0.0,0.0,100.0,100.0,100.0
oxiblas,thp,locked,l1d,3,2.2141621317714453,2.2157326079905033,2.217725859954953,1175805.0,1180253.0,1267177.0,642.0,741.0,751.0,0.0,0.0,0.0,0.0,0.0,0.0,1106425.6,1107240.2,1108226.5,1090586.0,1091107.0,1093821.0,1163963.0,1167480.0,1168611.0,1315056.0,1324734.0,1345343.0,1603107.0,1624387.0,1638603.0,1658881.0,1722661.0,1978711.0,533.6,553.1,562.7,471.0,531.0,541.0,661.0,712.0,732.0,1022.0,1042.0,1052.0,1433.0,1493.0,1623.0,1754.0,1914.0,9849.0,1106978.7,1107773.7,1108789.1,1091136.0,1091548.0,1094332.0,1164514.0,1168291.0,1169172.0,1316048.0,1326147.0,1346175.0,1603838.0,1624988.0,1639385.0,1660414.0,1724134.0,1980424.0,57872.0,57872.0,57872.0,38912.0,38912.0,40960.0,0.0,0.0,0.0,0.0,0.0,0.0,55748.0,55748.0,55748.0,57864.0,57864.0,57864.0,4789234.506,4797877.589,4801032.61,12380992.3705,12380992.408,12380992.426,2.5788186483490683,2.580514441715991,2.585171462159343,,,,,,,3284186.318,3284699.2645,3288045.7495,645589.959,645739.729,646430.4105,0.19639012902974207,0.196544617030038,0.19683122329480454,,,,,,,,,,,,,,,,,,,,,,,,,,,,,,,100.0,100.0,100.0
oxiblas,thp,locked,l2,3,2.2004419397562742,2.217441899701953,2.236711023375392,1131021.0,1146040.0,1217924.0,731.0,822.0,1062.0,0.0,0.0,0.0,0.0,0.0,0.0,1099587.0,1108038.6,1117720.4,1082781.0,1090826.0,1098189.0,1156859.0,1176015.0,1179733.0,1322320.0,1403963.0,1513698.0,1603878.0,1615389.0,1698396.0,1863504.0,1945578.0,2088858.0,539.4,552.7,579.0,521.0,531.0,541.0,642.0,681.0,751.0,952.0,1011.0,1082.0,1363.0,1553.0,1774.0,1704.0,7313.0,9278.0,1100126.4,1108617.5,1118273.1,1083302.0,1091446.0,1098761.0,1157360.0,1176536.0,1180444.0,1322891.0,1405136.0,1514370.0,1604388.0,1616311.0,1699037.0,1864867.0,1946901.0,2090551.0,57872.0,57872.0,57872.0,38912.0,38912.0,38912.0,0.0,0.0,0.0,0.0,0.0,0.0,55748.0,55748.0,55748.0,57864.0,57864.0,57864.0,4770979.0295,4803816.0795,4850073.8845,12380992.3835,12380992.3945,12380992.4335,2.552743046465234,2.5773244080544946,2.5950632601706345,,,,,,,,,,,,,,,,646189.154,646372.018,646727.721,20979.751,21581.9525,21894.8535,0.03246688817064237,0.033371002663422245,0.03387345505417594,,,,,,,,,,,,,,,,,,,,,,100.0,100.0,100.0
oxiblas,thp,prefault,core,3,2.200436217710376,2.210434725508094,2.2113602329045534,1224677.0,1319766.0,1545749.0,651.0,771.0,1132.0,0.0,0.0,0.0,0.0,0.0,0.0,1099581.8,1104546.4,1105090.8,1085065.0,1089153.0,1093961.0,1153964.0,1164033.0,1164725.0,1281914.0,1306730.0,1329613.0,1395287.0,1566869.0,1664682.0,1655234.0,1744000.0,1835682.0,505.5,543.2,595.1,471.0,511.0,551.0,621.0,661.0,841.0,962.0,1022.0,1072.0,1373.0,1423.0,1623.0,1703.0,1713.0,1763.0,1100125.0,1105141.4,1105596.3,1085626.0,1089723.0,1094463.0,1154495.0,1164584.0,1165276.0,1282375.0,1307311.0,1330274.0,1395968.0,1567490.0,1665374.0,1656937.0,1745643.0,1836614.0,57872.0,57872.0,57872.0,38912.0,38912.0,38912.0,0.0,0.0,0.0,0.0,0.0,0.0,0.0,0.0,0.0,0.0,0.0,0.0,4768067.599,4786139.82,4792226.073,12380992.4015,12380992.403,12380992.408,2.5835576649348946,2.586843023215314,2.5966478349838513,2466209.312,2466209.3125,2466209.3135,0.0004106575605188013,0.000412413696774404,0.00041297670682057663,,,,,,,,,,,,,,,,,,,,,,,,,,,,,,,,,,,,,,,,100.0,100.0,100.0
oxiblas,thp,prefault,dtlb,3,2.2074511405080557,2.2106426004320383,2.2110130321234465,1261576.0,1327260.0,1348950.0,831.0,952.0,1373.0,0.0,0.0,0.0,0.0,0.0,0.0,1103055.2,1104687.5,1104799.5,1089413.0,1090115.0,1092278.0,1164043.0,1165676.0,1169434.0,1295870.0,1302122.0,1310448.0,1370070.0,1527585.0,1574573.0,1802941.0,1818350.0,4454484.0,556.0,589.5,592.9,531.0,541.0,551.0,671.0,811.0,841.0,982.0,1072.0,1122.0,1363.0,1513.0,1513.0,1503.0,1833.0,1854.0,1103644.7,1105243.4,1105392.5,1090004.0,1090665.0,1092870.0,1164494.0,1166217.0,1170084.0,1296562.0,1302663.0,1311259.0,1371082.0,1528166.0,1575265.0,1804614.0,1819502.0,4455085.0,57872.0,57872.0,57872.0,38912.0,38912.0,40960.0,0.0,0.0,0.0,0.0,0.0,0.0,0.0,0.0,0.0,0.0,0.0,0.0,4779596.157,4783802.093,4793675.3315,12380992.3695,12380992.404,12380992.4095,2.5827765853566547,2.588107143398919,2.590384627238288,,,,,,,,,,,,,,,,,,,,,,,,,1725.979,1898.211,1973.571,83.017,368.695,549.751,,,,,,,,,,,,,,,,100.0,100.0,100.0
oxiblas,thp,prefault,faults,3,2.1881246250122786,2.1905736085027456,2.232728458940983,1249333.0,1271124.0,1566778.0,742.0,781.0,992.0,0.0,0.0,0.0,0.0,0.0,0.0,1093396.9,1094651.7,1115791.2,1081498.0,1083272.0,1096156.0,1140849.0,1145158.0,1181326.0,1262928.0,1311590.0,1420464.0,1375549.0,1507437.0,1646348.0,1463825.0,1550457.0,1693016.0,504.8,560.7,591.1,471.0,531.0,551.0,591.0,691.0,791.0,962.0,1041.0,1112.0,1402.0,1403.0,1493.0,1533.0,1923.0,12022.0,1093988.0,1095212.4,1116296.1,1082009.0,1083793.0,1096647.0,1141691.0,1145709.0,1181766.0,1264020.0,1312131.0,1421166.0,1376772.0,1508008.0,1647099.0,1464467.0,1552401.0,1694078.0,57872.0,57872.0,57872.0,38912.0,38912.0,38912.0,0.0,0.0,0.0,0.0,0.0,0.0,0.0,0.0,0.0,0.0,0.0,0.0,,,,,,,,,,,,,,,,,,,,,,,,,,,,,,,,,,,,,,,,0.0,0.0,0.0,0.0,0.0,0.0,0.0,0.0,0.0,8.0,8.0,21.0,0.0,0.0,0.0,100.0,100.0,100.0
oxiblas,thp,prefault,l1d,3,2.2112350203096867,2.217027807608247,2.223731853067875,1240567.0,1244203.0,1311770.0,601.0,651.0,922.0,0.0,0.0,0.0,0.0,0.0,0.0,1104942.3,1107903.1,1111235.0,1087800.0,1089333.0,1098760.0,1162250.0,1174553.0,1178099.0,1276374.0,1355051.0,1453325.0,1351244.0,1664872.0,1725896.0,1600101.0,1822287.0,1936722.0,539.0,549.0,572.9,511.0,531.0,541.0,651.0,652.0,781.0,952.0,1042.0,1052.0,1353.0,1443.0,1734.0,1643.0,1703.0,7945.0,1105515.2,1108442.0,1111783.9,1088351.0,1089794.0,1099322.0,1162711.0,1175214.0,1178570.0,1277105.0,1355602.0,1454046.0,1352416.0,1665513.0,1727029.0,1601835.0,1823640.0,1938045.0,57872.0,57872.0,57872.0,38912.0,38912.0,40960.0,0.0,0.0,0.0,0.0,0.0,0.0,0.0,0.0,0.0,0.0,0.0,0.0,4778031.6145,4792906.4035,4821745.883,12380992.392,12380992.3995,12380992.876,2.567740544592279,2.5831910397747038,2.5912328320363396,,,,,,,3282463.1245,3286485.085,3286575.849,644299.609,644661.973,646191.5165,0.19615545372237708,0.1962854065872081,0.19661542778530897,,,,,,,,,,,,,,,,,,,,,,,,,,,,,,,100.0,100.0,100.0
oxiblas,thp,prefault,l2,3,2.2037833370268345,2.2158530205488205,2.2226800695061684,1236358.0,1318402.0,1355833.0,731.0,811.0,862.0,0.0,0.0,0.0,0.0,0.0,0.0,1101255.9,1107268.6,1110710.1,1085395.0,1091137.0,1095064.0,1159224.0,1169774.0,1178500.0,1315036.0,1317331.0,1335014.0,1598578.0,1625378.0,1635768.0,1715437.0,1765311.0,1887449.0,548.2,553.8,571.7,531.0,541.0,551.0,691.0,701.0,731.0,982.0,1032.0,1042.0,1423.0,1432.0,1513.0,1723.0,1833.0,2004.0,1101809.7,1107840.3,1111258.3,1085986.0,1091688.0,1095625.0,1159765.0,1170335.0,1179152.0,1315557.0,1318303.0,1335645.0,1599249.0,1625869.0,1636860.0,1716559.0,1766142.0,1888872.0,57872.0,57872.0,57872.0,38912.0,38912.0,38912.0,0.0,0.0,0.0,0.0,0.0,0.0,0.0,0.0,0.0,0.0,0.0,0.0,4771305.5025,4803171.495,4816466.0025,12380992.373,12380992.418,12380992.42,2.5705553338430316,2.577670281581316,2.5948856998389194,,,,,,,,,,,,,,,,646718.462,647186.224,647949.659,21176.577,21241.1025,21464.6285,0.0327209946916299,0.032782025895008615,0.03319006609710796,,,,,,,,,,,,,,,,,,,,,,100.0,100.0,100.0
scalar,base,default,core,3,6.3613926358520985,6.365523423999548,6.38421437330544,3165747.0,3170827.0,3254443.0,1022.0,1273.0,1292.0,1.0,1.0,1.0,0.0,0.0,0.0,3180045.7,3181932.0,3191495.7,3175175.0,3175816.0,3185665.0,3249785.0,3256777.0,3257840.0,3363729.0,3393484.0,3422168.0,3510504.0,3662088.0,3690391.0,4045557.0,4099278.0,4209114.0,537.6,557.2,571.6,481.0,521.0,531.0,741.0,742.0,781.0,1142.0,1152.0,1203.0,1453.0,1593.0,1984.0,1833.0,2024.0,2174.0,3180583.3,3182503.5,3192052.9,3175666.0,3176287.0,3186185.0,3250336.0,3257258.0,3258401.0,3364400.0,3394136.0,3422850.0,3511556.0,3662679.0,3691583.0,4047240.0,4100510.0,4209856.0,56864.0,56892.0,56904.0,38912.0,38912.0,38912.0,0.0,0.0,0.0,0.0,0.0,0.0,0.0,0.0,0.0,0.0,0.0,0.0,13943244.702,13976673.1885,13982019.0885,25242097.9145,25242097.9515,25242098.1045,1.8053256680404082,1.8060161795347112,1.8103460596140373,3277251.849,3277251.862,3277252.027,0.0003097389345536971,0.00030976409248857563,0.0003099891454207247,,,,,,,,,,,,,,,,,,,,,,,,,,,,,,,,,,,,,,,,100.0,100.0,100.0
scalar,base,default,dtlb,3,6.363850750029087,6.36502786539495,6.411762835457921,3202937.0,3224307.0,3434271.0,732.0,952.0,1673.0,1.0,1.0,1.0,0.0,0.0,0.0,3181243.5,3181863.6,3205235.6,3166960.0,3168562.0,3203648.0,3259634.0,3262469.0,3268890.0,3460470.0,3500134.0,3551501.0,3662719.0,3746636.0,4004079.0,3727431.0,3858907.0,4108245.0,558.3,564.1,579.2,471.0,511.0,531.0,731.0,812.0,821.0,1152.0,1292.0,1383.0,1663.0,1984.0,2214.0,2325.0,2355.0,32531.0,3181807.6,3182421.9,3205814.9,3167610.0,3169164.0,3204299.0,3260365.0,3263360.0,3269481.0,3461261.0,3500745.0,3552312.0,3663300.0,3748600.0,4005301.0,3728192.0,3859929.0,4108836.0,56876.0,56908.0,56908.0,38912.0,38912.0,38912.0,0.0,0.0,0.0,0.0,0.0,0.0,0.0,0.0,0.0,0.0,0.0,0.0,13921942.1115,13926795.1235,13985631.886,25242097.9345,25242098.217,25242098.3095,1.8048593113456697,1.8124843507180355,1.81311616636081,,,,,,,,,,,,,,,,,,,,,,,,,1614.6195,1652.1895,1898.6,86.682,93.5945,360.4155,,,,,,,,,,,,,,,,100.0,100.0,100.0
scalar,base,default,faults,3,6.365604342892766,6.3750712014734745,6.379962684586644,3193670.0,3209489.0,3283849.0,742.0,812.0,1072.0,1.0,1.0,1.0,0.0,0.0,0.0,3182191.0,3186925.3,3189334.6,3172940.0,3179202.0,3185565.0,3252239.0,3254984.0,3262258.0,3396590.0,3412751.0,3427828.0,3638283.0,3640347.0,3647391.0,3893562.0,4009530.0,6576113.0,544.2,546.1,572.9,521.0,521.0,531.0,702.0,711.0,751.0,1032.0,1062.0,1273.0,1422.0,1453.0,1763.0,1533.0,1954.0,2555.0,3182735.2,3187471.4,3189907.5,3173411.0,3179703.0,3186135.0,3252870.0,3255566.0,3262799.0,3397171.0,3413422.0,3429050.0,3639285.0,3640988.0,3647942.0,3895516.0,4011163.0,6576885.0,56848.0,56872.0,56908.0,38912.0,38912.0,38912.0,0.0,0.0,0.0,0.0,0.0,0.0,0.0,0.0,0.0,0.0,0.0,0.0,,,,,,,,,,,,,,,,,,,,,,,,,,,,,,,,,,,,,,,,0.0,0.0,0.0,0.0,0.0,0.0,0.0,0.0,0.0,62.0,64.0,65.0,0.0,0.0,0.0,100.0,100.0,100.0
scalar,base,default,l1d,3,6.326024802401662,6.372428180649877,6.374163497239351,3196925.0,3241038.0,3437286.0,921.0,1232.0,1262.0,1.0,1.0,1.0,0.0,0.0,0.0,3162394.1,3185449.4,3186431.3,3152893.0,3175616.0,3180415.0,3235848.0,3253241.0,3266516.0,3394025.0,3413662.0,3477572.0,3661937.0,3744953.0,3877753.0,3768327.0,3965617.0,4138091.0,543.7,546.5,581.3,481.0,491.0,531.0,722.0,732.0,791.0,1162.0,1223.0,1263.0,1543.0,1663.0,2034.0,1683.0,2234.0,6282.0,3162937.8,3185995.9,3187012.7,3153494.0,3176217.0,3180926.0,3236340.0,3253952.0,3267057.0,3395107.0,3414534.0,3478193.0,3663540.0,3745765.0,3879396.0,3769128.0,3967180.0,4139513.0,56848.0,56908.0,56912.0,38912.0,38912.0,38912.0,0.0,0.0,0.0,0.0,0.0,0.0,0.0,0.0,0.0,0.0,0.0,0.0,13944785.6575,13961733.2635,14003726.6105,25242097.939,25242097.953,25242098.413,1.8025272211522227,1.807948732195746,1.8101459971472496,,,,,,,9689681.1925,9691552.328,9691605.196,643577.6185,643736.6905,643867.355,0.06640567846961232,0.06643528076014148,0.06643593649489915,,,,,,,,,,,,,,,,,,,,,,,,,,,,,,,100.0,100.0,100.0
scalar,base,default,l2,3,6.355145296081901,6.365731900557876,6.369150465354323,3210371.0,3222062.0,3236550.0,752.0,882.0,952.0,1.0,1.0,1.0,0.0,0.0,0.0,3176921.0,3182190.2,3183933.2,3169534.0,3170185.0,3174323.0,3248913.0,3255325.0,3260174.0,3406870.0,3441333.0,3524720.0,3630088.0,3745454.0,3914992.0,3855822.0,4055004.0,4169710.0,560.7,566.6,581.1,491.0,521.0,531.0,721.0,812.0,832.0,1172.0,1352.0,1373.0,1773.0,1814.0,1994.0,1813.0,2285.0,7745.0,3177487.6,3182771.3,3184493.9,3170015.0,3170816.0,3174844.0,3249655.0,3255996.0,3260966.0,3408683.0,3442085.0,3526032.0,3631431.0,3746817.0,3915773.0,3857515.0,4056998.0,4170261.0,56856.0,56880.0,56880.0,38912.0,38912.0,40960.0,0.0,0.0,0.0,0.0,0.0,0.0,0.0,0.0,0.0,0.0,0.0,0.0,13935099.647,13938288.133,13949268.676,25242098.0995,25242098.172,25242098.3745,1.8095642636039797,1.8109898382884864,1.8114042248656768,,,,,,,,,,,,,,,,644350.9885,644394.332,644406.918,22108.8335,22655.126,22791.7355,0.034309478532160646,0.035156553052399106,0.03537161563615728,,,,,,,,,,,,,,,,,,,,,,100.0,100.0,100.0
scalar,base,locked,core,3,6.344127852469683,6.3985168263316154,6.400603609159589,3142864.0,3150719.0,3233244.0,761.0,821.0,852.0,0.0,0.0,0.0,0.0,0.0,0.0,3171451.4,3198629.0,3199577.5,3164886.0,3188730.0,3188760.0,3239966.0,3279370.0,3285662.0,3418200.0,3433529.0,3476309.0,3554386.0,3683809.0,3690862.0,3599250.0,3791701.0,3890166.0,536.0,556.5,614.4,481.0,521.0,561.0,761.0,772.0,831.0,1142.0,1163.0,1393.0,1413.0,1583.0,1934.0,1633.0,1844.0,2144.0,3171987.4,3199185.5,3200191.9,3165307.0,3189191.0,3189281.0,3240547.0,3280282.0,3286364.0,3419413.0,3434351.0,3477251.0,3555968.0,3684841.0,3691904.0,3600142.0,3792552.0,3890767.0,57860.0,57860.0,57860.0,38912.0,38912.0,38912.0,0.0,0.0,0.0,0.0,0.0,0.0,55736.0,55736.0,55736.0,57852.0,57852.0,57852.0,13955722.721,14001849.8135,14009470.4365,25242097.946,25242097.953,25242098.517,1.8017881997334269,1.8027687976386249,1.8087273909517223,3277251.8565,3277251.8635,3277252.4455,0.0003092954232338231,0.0003093656033251043,0.00032081248469084406,,,,,,,,,,,,,,,,,,,,,,,,,,,,,,,,,,,,,,,,100.0,100.0,100.0
scalar,base,locked,dtlb,3,6.380795506760478,6.382584221661091,6.403966261073947,3140289.0,3147182.0,3164184.0,741.0,752.0,941.0,0.0,0.0,0.0,0.0,0.0,0.0,3189727.8,3190606.5,3201350.9,3175666.0,3184893.0,3190795.0,3261135.0,3267077.0,3274190.0,3404014.0,3478905.0,3533597.0,3590704.0,3661757.0,3890065.0,3756225.0,3757076.0,4071105.0,536.6,547.3,582.6,481.0,521.0,531.0,692.0,731.0,831.0,1092.0,1172.0,1192.0,1523.0,1562.0,1743.0,1943.0,2324.0,2425.0,3190310.4,3191153.8,3201887.5,3176227.0,3185384.0,3191255.0,3261666.0,3268240.0,3274671.0,3405076.0,3479536.0,3534218.0,3591396.0,3662348.0,3890536.0,3757968.0,3758438.0,4072959.0,57860.0,57860.0,57860.0,38912.0,38912.0,38912.0,0.0,0.0,0.0,0.0,0.0,0.0,55736.0,55736.0,55736.0,57852.0,57852.0,57852.0,13971090.9525,13979270.1315,14004802.529,25242097.948,25242097.9645,25242097.977,1.8023887109247507,1.805680676498343,1.8067377880739626,,,,,,,,,,,,,,,,,,,,,,,,,1892.646,2054.2845,2120.059,194.906,352.5715,977.721,,,,,,,,,,,,,,,,100.0,100.0,100.0
scalar,base,locked,faults,3,6.360267415642738,6.388824000954628,6.399803446605802,3140640.0,3152562.0,3153334.0,732.0,741.0,911.0,0.0,0.0,0.0,0.0,0.0,0.0,3179511.1,3193408.3,3199272.9,3167861.0,3187147.0,3193960.0,3254954.0,3265404.0,3270734.0,3437938.0,3440983.0,3463516.0,3594190.0,3605321.0,3675082.0,3725347.0,3783917.0,4052971.0,541.0,556.8,627.9,471.0,521.0,571.0,732.0,741.0,882.0,1173.0,1242.0,1393.0,1513.0,1664.0,1773.0,1913.0,5219.0,8005.0,3180052.1,3194036.2,3199829.7,3168322.0,3187848.0,3194511.0,3255505.0,3266065.0,3271605.0,3439110.0,3441474.0,3464367.0,3595212.0,3606814.0,3675773.0,3726740.0,3785810.0,4054444.0,57860.0,57860.0,57860.0,38912.0,38912.0,38912.0,0.0,0.0,0.0,0.0,0.0,0.0,55736.0,55736.0,55736.0,57852.0,57852.0,57852.0,,,,,,,,,,,,,,,,,,,,,,,,,,,,,,,,,,,,,,,,0.0,0.0,0.0,0.0,0.0,0.0,0.0,0.0,0.0,52.0,70.0,72.0,0.0,0.0,0.0,100.0,100.0,100.0
scalar,base,locked,l1d,3,6.384215917438269,6.393893236294389,6.4047347959131,3132705.0,3194712.0,3226411.0,751.0,841.0,942.0,0.0,0.0,0.0,0.0,0.0,0.0,3191430.6,3196315.8,3201736.3,3181276.0,3181837.0,3202005.0,3263941.0,3270804.0,3281303.0,3427438.0,3452755.0,3457895.0,3608748.0,3668720.0,3705369.0,3651959.0,3680141.0,4051337.0,547.0,567.1,567.5,480.0,491.0,521.0,721.0,802.0,832.0,1082.0,1222.0,1393.0,1683.0,1773.0,1854.0,1804.0,2154.0,7023.0,3191998.1,3196882.8,3202283.3,3181777.0,3182369.0,3202486.0,3265043.0,3271285.0,3281824.0,3428229.0,3453927.0,3459037.0,3609379.0,3669472.0,3706010.0,3653111.0,3681634.0,4053111.0,57860.0,57860.0,57860.0,38912.0,38912.0,38912.0,0.0,0.0,0.0,0.0,0.0,0.0,55736.0,55736.0,55736.0,57852.0,57852.0,57852.0,13961602.9535,13974586.1465,14009288.471,25242097.927,25242097.9535,25242097.983,1.8018115627893976,1.8062859008759984,1.8079656087535507,,,,,,,9689088.77,9690682.803,9691502.613,643229.761,643690.9395,643924.9485,0.06638702320404068,0.06642369300342066,0.06644221997487275,,,,,,,,,,,,,,,,,,,,,,,,,,,,,,,100.0,100.0,100.0
scalar,base,locked,l2,3,6.368550445884466,6.382004184648395,6.399989260360599,3205611.0,3258171.0,3285352.0,821.0,902.0,952.0,0.0,0.0,0.0,0.0,0.0,0.0,3183636.8,3190411.8,3199320.4,3177759.0,3182538.0,3185033.0,3257079.0,3262078.0,3277146.0,3410857.0,3420014.0,3457664.0,3604349.0,3672848.0,3838629.0,3639245.0,3826907.0,4122351.0,528.5,555.3,569.5,491.0,511.0,531.0,662.0,771.0,792.0,1022.0,1173.0,1212.0,1623.0,1673.0,1934.0,1954.0,4929.0,5680.0,3184192.0,3190940.3,3199889.8,3178291.0,3183079.0,3185494.0,3257990.0,3262539.0,3277828.0,3411789.0,3420866.0,3458396.0,3605021.0,3674061.0,3839931.0,3639907.0,3828259.0,4124285.0,57860.0,57860.0,57860.0,38912.0,38912.0,38912.0,0.0,0.0,0.0,0.0,0.0,0.0,55736.0,55736.0,55736.0,57852.0,57852.0,57852.0,13963981.3135,13978243.2825,14017701.6965,25242097.9135,25242097.9225,25242097.982,1.800730143109163,1.8058133202690594,1.8076576698148845,,,,,,,,,,,,,,,,643274.4675,644319.6165,644469.2055,22454.838,23146.3915,23546.676,0.03490708730795382,0.0359154344419642,0.036545024234878314,,,,,,,,,,,,,,,,,,,,,,100.0,100.0,100.0
scalar,base,prefault,core,3,6.373680911958218,6.3776743952184916,6.382564231753349,3199491.0,3302904.0,3402942.0,992.0,1673.0,1913.0,0.0,0.0,0.0,0.0,0.0,0.0,3186239.8,3188001.0,3190635.7,3175065.0,3178882.0,3180635.0,3259292.0,3263640.0,3265143.0,3388205.0,3417779.0,3438007.0,3552863.0,3627884.0,3716240.0,3635649.0,3658181.0,3768989.0,524.9,541.2,571.0,471.0,510.0,531.0,721.0,721.0,822.0,1112.0,1183.0,1242.0,1483.0,1573.0,1704.0,1873.0,2255.0,3556.0,3186764.8,3188572.0,3191176.9,3175515.0,3179373.0,3181146.0,3259903.0,3264282.0,3265975.0,3389217.0,3418741.0,3438889.0,3553364.0,3628605.0,3717773.0,3637121.0,3659453.0,3770251.0,57860.0,57860.0,57860.0,38912.0,40960.0,40960.0,0.0,0.0,0.0,0.0,0.0,0.0,0.0,0.0,0.0,0.0,0.0,0.0,13952502.9095,13971449.6345,13982342.0,25242097.9485,25242097.9575,25242097.99,1.8052839752095893,1.8066914064285173,1.8091447908111973,3277251.859,3277251.862,3277251.8885,0.000308576680274688,0.0003089974599355319,0.00031369438022371286,,,,,,,,,,,,,,,,,,,,,,,,,,,,,,,,,,,,,,,,100.0,100.0,100.0
scalar,base,prefault,dtlb,3,6.346912499517202,6.3739853128790855,6.381626576185226,3167210.0,3291303.0,3330155.0,731.0,1183.0,2124.0,0.0,0.0,0.0,0.0,0.0,0.0,3172890.5,3186307.7,3190114.6,3169203.0,3177429.0,3180464.0,3244154.0,3257199.0,3265834.0,3390489.0,3432818.0,3602977.0,3563182.0,3612024.0,3709757.0,3611964.0,4085682.0,4173076.0,507.8,596.5,603.2,461.0,531.0,541.0,641.0,862.0,881.0,1042.0,1222.0,1283.0,1413.0,1844.0,1913.0,1694.0,2274.0,3076.0,3173398.2,3186904.2,3190717.8,3169624.0,3177970.0,3180905.0,3244685.0,3257670.0,3266426.0,3391170.0,3433499.0,3604270.0,3563944.0,3612765.0,3710749.0,3612816.0,4087135.0,4174659.0,57860.0,57860.0,57860.0,38912.0,38912.0,40960.0,0.0,0.0,0.0,0.0,0.0,0.0,0.0,0.0,0.0,0.0,0.0,0.0,13902793.9765,13951925.839,14007233.366,25242097.924,25242097.954,25242098.2535,1.8020759178090502,1.8092196406993817,1.815613321801856,,,,,,,,,,,,,,,,,,,,,,,,,1617.9145,1897.95,1991.303,66.3325,124.518,183.1925,,,,,,,,,,,,,,,,100.0,100.0,100.0
scalar,base,prefault,faults,3,6.38007920794189,6.387355405837297,6.393819352611899,3212846.0,3234416.0,3303706.0,641.0,962.0,1422.0,0.0,0.0,0.0,0.0,0.0,0.0,3189361.6,3192980.0,3196208.4,3179823.0,3182288.0,3184071.0,3264752.0,3266706.0,3271265.0,3464808.0,3493492.0,3503230.0,3651719.0,3807170.0,3877151.0,3799225.0,3824693.0,4007645.0,564.8,608.0,630.8,521.0,551.0,571.0,752.0,852.0,902.0,1122.0,1252.0,1273.0,1733.0,1803.0,2074.0,2104.0,2545.0,6252.0,3189926.4,3193610.9,3196816.4,3180485.0,3182940.0,3184672.0,3265273.0,3267157.0,3272437.0,3466030.0,3494624.0,3504272.0,3652370.0,3808683.0,3878454.0,3799846.0,3825855.0,4009749.0,57860.0,57860.0,57860.0,38912.0,38912.0,38912.0,0.0,0.0,0.0,0.0,0.0,0.0,0.0,0.0,0.0,0.0,0.0,0.0,,,,,,,,,,,,,,,,,,,,,,,,,,,,,,,,,,,,,,,,0.0,0.0,2.0,0.0,0.0,2.0,0.0,0.0,0.0,56.0,71.0,77.0,0.0,0.0,0.0,100.0,100.0,100.0
scalar,base,prefault,l1d,3,6.3905478194355965,6.392848739400506,6.4120743200182915,3195713.0,3217815.0,3307813.0,871.0,1022.0,1332.0,0.0,0.0,0.0,0.0,0.0,0.0,3194614.7,3195814.8,3205376.0,3187588.0,3193169.0,3197667.0,3259974.0,3268520.0,3268731.0,3413001.0,3491268.0,3585875.0,3585454.0,3641880.0,3939889.0,3609409.0,3722501.0,6477017.0,536.2,586.5,587.0,471.0,541.0,551.0,721.0,811.0,821.0,1182.0,1203.0,1293.0,1583.0,1733.0,1753.0,2054.0,5561.0,7023.0,3195201.2,3196351.1,3205963.0,3188049.0,3193650.0,3198278.0,3260485.0,3269312.0,3269421.0,3413752.0,3492350.0,3587087.0,3586025.0,3642461.0,3941622.0,3610612.0,3724265.0,6477679.0,57860.0,57860.0,57860.0,38912.0,38912.0,40960.0,0.0,0.0,0.0,0.0,0.0,0.0,0.0,0.0,0.0,0.0,0.0,0.0,13961379.978,13979432.121,13984682.286,25242097.932,25242097.942,25242097.964,1.8049818670009934,1.8056597539524617,1.8079944798992562,,,,,,,9689252.296,9689724.0565,9689829.199,643497.7645,643642.4325,643796.8865,0.06641032920522982,0.06642453848066017,0.06644443418670992,,,,,,,,,,,,,,,,,,,,,,,,,,,,,,,100.0,100.0,100.0
scalar,base,prefault,l2,3,6.35218215547502,6.363752523437142,6.364584527909756,3219598.0,3300489.0,3307273.0,731.0,1153.0,1302.0,0.0,0.0,0.0,0.0,0.0,0.0,3175462.8,3181264.7,3181614.0,3167320.0,3168111.0,3172510.0,3238353.0,3255205.0,3264112.0,3348439.0,3413502.0,3446754.0,3642391.0,3672106.0,3849028.0,3975205.0,4110679.0,6477808.0,534.5,539.1,588.4,471.0,481.0,541.0,702.0,751.0,842.0,1132.0,1172.0,1212.0,1513.0,1713.0,1964.0,2174.0,2194.0,6151.0,3176001.9,3181799.2,3182202.3,3167831.0,3168563.0,3173061.0,3238964.0,3255806.0,3264823.0,3349441.0,3414213.0,3447565.0,3643413.0,3673719.0,3849790.0,3976177.0,4111731.0,6480002.0,57860.0,57860.0,57860.0,38912.0,38912.0,38912.0,0.0,0.0,0.0,0.0,0.0,0.0,0.0,0.0,0.0,0.0,0.0,0.0,13909526.4455,13939958.55,13940422.2495,25242097.9275,25242097.9875,25242098.1605,1.8107125792696384,1.8107728276207822,1.8147345336595773,,,,,,,,,,,,,,,,644044.5895,644070.716,644134.42,22660.2385,23240.567,23479.136,0.03518284240701296,0.0360853384670814,0.03645067748436732,,,,,,,,,,,,,,,,,,,,,,100.0,100.0,100.0
scalar,hugetlb,default,core,3,6.451322551816702,6.452175015583634,6.469302216544747,3174994.0,3190193.0,3212895.0,541.0,611.0,731.0,1.0,1.0,1.0,0.0,0.0,0.0,3225076.1,3225513.4,3234061.1,3213918.0,3216192.0,3219468.0,3291583.0,3302113.0,3306390.0,3455280.0,3458496.0,3576067.0,3721209.0,3769420.0,3770241.0,3760262.0,3944368.0,4033785.0,499.4,501.1,519.7,451.0,461.0,471.0,621.0,641.0,671.0,962.0,982.0,1012.0,1193.0,1393.0,1443.0,1684.0,1814.0,7514.0,3225595.7,3226014.5,3234560.6,3214449.0,3216703.0,3219959.0,3292053.0,3302654.0,3306871.0,3456433.0,3459828.0,3576698.0,3721840.0,3770261.0,3770932.0,3760843.0,3945640.0,4034977.0,2620.0,2632.0,2672.0,0.0,0.0,0.0,38912.0,38912.0,38912.0,0.0,0.0,0.0,0.0,0.0,0.0,0.0,0.0,0.0,14120565.9085,14120662.548,14181991.559,25241073.955,25241073.9565,25241073.9905,1.7797975587555488,1.787527596860181,1.7875398280819548,3277251.867,3277251.877,3277251.8775,0.0003085081762990004,0.0003091820641285424,0.0003094161026226673,,,,,,,,,,,,,,,,,,,,,,,,,,,,,,,,,,,,,,,,100.0,100.0,100.0
scalar,hugetlb,default,dtlb,3,6.435652039945126,6.465559579432011,6.469711009413004,3188950.0,3200692.0,3263881.0,601.0,732.0,1112.0,1.0,1.0,1.0,0.0,0.0,0.0,3217229.0,3232170.1,3234262.8,3209840.0,3224708.0,3226651.0,3280974.0,3295580.0,3306250.0,3405206.0,3409033.0,3422148.0,3677457.0,3738331.0,3817359.0,3728432.0,3798694.0,4012746.0,513.1,524.6,524.9,470.0,471.0,500.0,621.0,651.0,691.0,1032.0,1042.0,1072.0,1413.0,1432.0,1623.0,1513.0,2024.0,4870.0,3217742.1,3232694.9,3234787.4,3210301.0,3225239.0,3227102.0,3281454.0,3296111.0,3306781.0,3406548.0,3409795.0,3423120.0,3678018.0,3739664.0,3818281.0,3729164.0,3799556.0,4014088.0,2628.0,2640.0,2656.0,0.0,0.0,0.0,38912.0,38912.0,38912.0,0.0,0.0,0.0,0.0,0.0,0.0,0.0,0.0,0.0,14104351.8995,14176541.72,14181463.616,25241073.957,25241073.9575,25241073.9665,1.7798638173017756,1.7804817603287806,1.7895947390815452,,,,,,,,,,,,,,,,,,,,,,,,,25.254,25.501,28.148,1.3665,1.5715,1.7785,,,,,,,,,,,,,,,,100.0,100.0,100.0
scalar,hugetlb,default,faults,3,6.4367534425109625,6.451453233137727,6.476387299597263,3207275.0,3246018.0,3248752.0,641.0,931.0,932.0,1.0,1.0,1.0,0.0,0.0,0.0,3217784.6,3225102.4,3237570.8,3205131.0,3216001.0,3228836.0,3289650.0,3297233.0,3311570.0,3424091.0,3488051.0,3595032.0,3635048.0,3668470.0,3849740.0,3687616.0,3907628.0,3990944.0,503.1,515.5,528.9,451.0,461.0,501.0,632.0,681.0,701.0,1011.0,1032.0,1122.0,1413.0,1573.0,1603.0,1773.0,2004.0,4508.0,3218300.1,3225605.5,3238099.7,3205692.0,3216442.0,3229367.0,3290171.0,3297704.0,3312051.0,3424883.0,3488813.0,3595543.0,3635679.0,3669031.0,3850692.0,3688387.0,3909201.0,3992186.0,2636.0,2656.0,2668.0,0.0,0.0,0.0,38912.0,38912.0,38912.0,0.0,0.0,0.0,0.0,0.0,0.0,0.0,0.0,0.0,,,,,,,,,,,,,,,,,,,,,,,,,,,,,,,,,,,,,,,,0.0,0.0,0.0,0.0,0.0,0.0,0.0,0.0,0.0,63.0,74.0,74.0,0.0,0.0,0.0,100.0,100.0,100.0
scalar,hugetlb,default,l1d,3,6.47648585960269,6.477270403876901,6.516371764242649,3185114.0,3208357.0,3239285.0,721.0,722.0,861.0,1.0,1.0,1.0,0.0,0.0,0.0,3237649.4,3238035.0,3257525.6,3224357.0,3228134.0,3247300.0,3310368.0,3316489.0,3327110.0,3462704.0,3493852.0,3582208.0,3703816.0,3709938.0,4128783.0,3909171.0,3975886.0,4172074.0,503.6,513.5,531.2,451.0,451.0,511.0,631.0,671.0,682.0,1031.0,1122.0,1152.0,1383.0,1583.0,1733.0,1733.0,1764.0,1984.0,3238152.9,3238548.5,3258056.8,3224898.0,3228736.0,3247811.0,3311080.0,3317130.0,3328001.0,3463325.0,3494964.0,3582829.0,3704287.0,3710619.0,4129895.0,3910523.0,3977108.0,4173376.0,2632.0,2640.0,2672.0,0.0,0.0,0.0,38912.0,38912.0,38912.0,0.0,0.0,0.0,0.0,0.0,0.0,0.0,0.0,0.0,14196492.3575,14201292.8395,14216848.127,25241073.9465,25241073.9505,25241073.9805,1.775433890481202,1.7773785975522978,1.7779796100946832,,,,,,,9718117.0745,9718777.2395,9719197.701,643051.4645,643295.1295,643569.5075,0.06616301924117018,0.06619544965021917,0.0662191849489401,,,,,,,,,,,,,,,,,,,,,,,,,,,,,,,100.0,100.0,100.0
scalar,hugetlb,default,l2,3,6.447425926104188,6.466620137915015,6.515172071754932,3237141.0,3241469.0,3247190.0,702.0,912.0,1082.0,1.0,1.0,1.0,0.0,0.0,0.0,3223092.4,3232704.7,3256917.1,3219228.0,3225950.0,3254333.0,3295210.0,3297244.0,3328593.0,3403944.0,3405527.0,3512167.0,3625820.0,3642842.0,3660615.0,3777114.0,3996215.0,4075283.0,488.7,530.1,534.7,451.0,501.0,511.0,561.0,691.0,701.0,882.0,1012.0,1092.0,1242.0,1433.0,1493.0,1763.0,5681.0,6923.0,3223627.1,3233193.4,3257447.3,3219739.0,3226411.0,3254794.0,3295741.0,3297744.0,3329114.0,3404585.0,3406178.0,3512858.0,3626822.0,3643714.0,3661827.0,3778386.0,3997858.0,4076445.0,2580.0,2620.0,2672.0,0.0,0.0,0.0,38912.0,38912.0,38912.0,0.0,0.0,0.0,0.0,0.0,0.0,0.0,0.0,0.0,14128788.4835,14171970.2875,14211803.385,25241073.9335,25241073.95,25241073.986,1.7760641139069628,1.7810560861648999,1.7864995275056486,,,,,,,,,,,,,,,,643802.104,643877.2275,644511.897,33281.669,33344.183,33539.391,0.051695495856906984,0.051735558575732546,0.052089730103088636,,,,,,,,,,,,,,,,,,,,,,100.0,100.0,100.0
scalar,hugetlb,locked,core,3,6.442733120173216,6.473117388784885,6.484403802081943,3189402.0,3246048.0,3347237.0,692.0,712.0,1032.0,0.0,0.0,0.0,0.0,0.0,0.0,3220803.0,3235988.6,3241620.8,3212825.0,3222723.0,3233664.0,3287265.0,3304738.0,3310659.0,3433650.0,3455029.0,3456412.0,3673750.0,3928437.0,3943035.0,3772966.0,4066256.0,4098336.0,468.5,488.5,507.3,441.0,450.0,451.0,571.0,651.0,691.0,932.0,1042.0,1072.0,1332.0,1403.0,1503.0,1733.0,1744.0,2996.0,3221271.5,3236477.1,3242128.1,3213266.0,3223305.0,3234516.0,3287776.0,3305229.0,3311119.0,3434561.0,3456161.0,3457925.0,3674692.0,3929098.0,3943786.0,3773457.0,4067227.0,4099088.0,3400.0,3400.0,3400.0,0.0,0.0,0.0,38912.0,38912.0,38912.0,0.0,0.0,0.0,1276.0,1276.0,1276.0,3392.0,3392.0,3392.0,14119009.9225,14187547.766,14218148.717,25241073.9545,25241073.98,25241073.9835,1.7752714845231845,1.7791005444217372,1.7877368258857813,3277251.871,3277251.876,3277251.8785,0.0003082687990503419,0.00030832845315965034,0.00030938390993129155,,,,,,,,,,,,,,,,,,,,,,,,,,,,,,,,,,,,,,,,100.0,100.0,100.0
scalar,hugetlb,locked,dtlb,3,6.457449635490775,6.458487898111343,6.48737689293921,3188970.0,3230789.0,3302423.0,531.0,691.0,731.0,0.0,0.0,0.0,0.0,0.0,0.0,3228140.0,3228613.6,3243110.8,3213387.0,3214589.0,3229997.0,3301281.0,3305900.0,3319124.0,3519871.0,3530792.0,3576748.0,3750543.0,3819402.0,3828279.0,3922636.0,3936172.0,4090772.0,499.2,511.5,534.9,451.0,451.0,471.0,641.0,661.0,711.0,1022.0,1042.0,1163.0,1543.0,1613.0,1713.0,1723.0,1973.0,6202.0,3228674.9,3229112.9,3243622.2,3213837.0,3215040.0,3230488.0,3301732.0,3306461.0,3320086.0,3520572.0,3531383.0,3577279.0,3751465.0,3820935.0,3828971.0,3924179.0,3936803.0,4092064.0,3400.0,3400.0,3400.0,0.0,0.0,0.0,38912.0,38912.0,38912.0,0.0,0.0,0.0,1276.0,1276.0,1276.0,3392.0,3392.0,3392.0,14145842.3665,14150653.301,14218321.7925,25241073.9535,25241073.9875,25241074.0105,1.7752498768043339,1.7837391261445337,1.7843457698408673,,,,,,,,,,,,,,,,,,,,,,,,,24.85,25.5935,26.5555,1.5025,1.5185,1.822,,,,,,,,,,,,,,,,100.0,100.0,100.0
scalar,hugetlb,locked,faults,3,6.4445908814668655,6.451233910396695,6.485223842784762,3174454.0,3207566.0,3291222.0,551.0,702.0,732.0,0.0,0.0,0.0,0.0,0.0,0.0,3221743.1,3225080.7,3241985.4,3211923.0,3220299.0,3233705.0,3292615.0,3294017.0,3312883.0,3419242.0,3437066.0,3463887.0,3625560.0,3654323.0,3662369.0,3680713.0,3691483.0,4020771.0,480.7,489.3,506.4,450.0,451.0,451.0,581.0,621.0,652.0,902.0,942.0,1032.0,1263.0,1342.0,1563.0,1413.0,1513.0,5280.0,3222223.8,3225570.0,3242491.8,3212294.0,3220710.0,3234185.0,3293106.0,3294468.0,3313474.0,3419853.0,3437737.0,3464818.0,3626381.0,3654844.0,3663010.0,3681344.0,3692134.0,4021993.0,3400.0,3400.0,3400.0,0.0,0.0,0.0,38912.0,38912.0,38912.0,0.0,0.0,0.0,1276.0,1276.0,1276.0,3392.0,3392.0,3392.0,,,,,,,,,,,,,,,,,,,,,,,,,,,,,,,,,,,,,,,,0.0,0.0,0.0,0.0,0.0,0.0,0.0,0.0,0.0,60.0,60.0,70.0,0.0,0.0,0.0,100.0,100.0,100.0
scalar,hugetlb,locked,l1d,3,6.440329100936651,6.464812496677041,6.472569137811661,3190112.0,3272316.0,3293867.0,761.0,902.0,912.0,0.0,0.0,0.0,0.0,0.0,0.0,3219492.5,3231827.1,3235693.5,3207385.0,3221100.0,3224518.0,3290781.0,3303826.0,3307793.0,3463145.0,3506887.0,3524350.0,3591486.0,3672016.0,3728302.0,3908049.0,4006915.0,4020530.0,502.1,503.5,504.7,451.0,451.0,461.0,621.0,642.0,661.0,962.0,1052.0,1082.0,1352.0,1372.0,1543.0,1713.0,2445.0,5751.0,3219997.2,3232329.2,3236197.0,3207846.0,3221582.0,3225108.0,3291263.0,3304447.0,3308354.0,3464507.0,3507498.0,3525031.0,3592117.0,3672758.0,3728933.0,3909211.0,4008107.0,4021702.0,3400.0,3400.0,3400.0,0.0,0.0,0.0,38912.0,38912.0,38912.0,0.0,0.0,0.0,1276.0,1276.0,1276.0,3392.0,3392.0,3392.0,14118687.592,14140177.28,14186498.6625,25241073.943,25241073.976,25241073.9775,1.7792321119178762,1.7850606426767515,1.7877776396017304,,,,,,,9717909.023,9718524.422,9719122.9245,643017.842,643565.6745,643717.5085,0.06616833317518495,0.06622051317205611,0.06623205751182698,,,,,,,,,,,,,,,,,,,,,,,,,,,,,,,100.0,100.0,100.0
scalar,hugetlb,locked,l2,3,6.473790155723691,6.475562633946538,6.48039436340332,3173642.0,3236600.0,3285101.0,832.0,1172.0,1252.0,0.0,0.0,0.0,0.0,0.0,0.0,3236297.1,3237202.4,3239583.0,3224057.0,3226101.0,3227112.0,3307133.0,3314175.0,3314476.0,3477261.0,3484084.0,3492300.0,3603167.0,3710730.0,3855220.0,3822829.0,4096092.0,4171573.0,485.6,525.7,531.8,441.0,481.0,501.0,632.0,681.0,691.0,1072.0,1092.0,1162.0,1513.0,1573.0,1663.0,1593.0,1644.0,1743.0,3236822.8,3237688.0,3240114.8,3224547.0,3226611.0,3227613.0,3307603.0,3314777.0,3314977.0,3478434.0,3484625.0,3492841.0,3604129.0,3711812.0,3855942.0,3823440.0,4097344.0,4172735.0,3400.0,3400.0,3400.0,0.0,0.0,0.0,38912.0,38912.0,38912.0,0.0,0.0,0.0,1276.0,1276.0,1276.0,3392.0,3392.0,3392.0,14178478.62,14185534.4375,14204877.656,25241073.932,25241073.9465,25241073.957,1.7769300477810466,1.779353049277739,1.7802385307331372,,,,,,,,,,,,,,,,643997.2445,644111.398,644348.3855,33141.984,33467.2595,33803.051,0.051462928270339825,0.051958806510671314,0.05246082982542059,,,,,,,,,,,,,,,,,,,,,,100.0,100.0,100.0
scalar,hugetlb,prefault,core,3,6.396123645827174,6.443463476374745,6.4871988501399755,3181797.0,3258050.0,3261296.0,701.0,711.0,952.0,0.0,0.0,0.0,0.0,0.0,0.0,3197497.4,3221088.5,3242953.2,3190824.0,3210491.0,3228444.0,3263651.0,3291643.0,3314215.0,3394837.0,3424843.0,3486208.0,3539828.0,3636831.0,3796690.0,3571839.0,3875017.0,6560503.0,478.8,489.7,499.6,441.0,451.0,451.0,601.0,621.0,621.0,931.0,932.0,961.0,1222.0,1243.0,1302.0,1373.0,1443.0,1944.0,3197976.1,3221588.1,3243442.9,3191275.0,3211012.0,3228955.0,3264122.0,3292114.0,3314717.0,3395618.0,3425374.0,3486919.0,3540710.0,3637652.0,3797372.0,3572380.0,3875528.0,6561365.0,3400.0,3400.0,3400.0,0.0,0.0,0.0,38912.0,38912.0,38912.0,0.0,0.0,0.0,0.0,0.0,0.0,0.0,0.0,0.0,14119361.5285,14128879.964,14190738.039,25241073.927,25241073.9675,25241073.981,1.7787005790770485,1.7864879626207857,1.7876923029451983,3277251.8555,3277251.872,3277251.8735,0.00030790706328053,0.000308370408949758,0.00030849765125718454,,,,,,,,,,,,,,,,,,,,,,,,,,,,,,,,,,,,,,,,100.0,100.0,100.0
scalar,hugetlb,prefault,dtlb,3,6.463072685524821,6.463759254664183,6.472670434042811,3212706.0,3227142.0,3282556.0,732.0,741.0,841.0,0.0,0.0,0.0,0.0,0.0,0.0,3230924.2,3231298.2,3235753.8,3220379.0,3225279.0,3229236.0,3297334.0,3300259.0,3309276.0,3433760.0,3469086.0,3473384.0,3639876.0,3720277.0,3957633.0,3862414.0,3910003.0,4006864.0,497.5,508.2,524.1,451.0,451.0,461.0,621.0,671.0,682.0,1022.0,1082.0,1102.0,1383.0,1392.0,1603.0,1633.0,1753.0,1773.0,3231448.3,3231795.7,3236262.0,3220851.0,3225780.0,3229757.0,3297895.0,3300740.0,3309987.0,3434211.0,3469587.0,3474306.0,3640527.0,3721409.0,3958464.0,3863275.0,3911355.0,4008107.0,3400.0,3400.0,3400.0,0.0,0.0,0.0,38912.0,38912.0,38912.0,0.0,0.0,0.0,0.0,0.0,0.0,0.0,0.0,0.0,14117454.309,14149381.4135,14214696.4185,25241073.9575,25241073.959,25241073.987,1.7757026400261,1.783899468772349,1.787933816290703,,,,,,,,,,,,,,,,,,,,,,,,,24.467,25.608,26.437,1.4795,1.566,1.697,,,,,,,,,,,,,,,,100.0,100.0,100.0
scalar,hugetlb,prefault,faults,3,6.4405765905976295,6.451963854953647,6.4677091576159,3188610.0,3224488.0,3357987.0,631.0,712.0,1282.0,0.0,0.0,0.0,0.0,0.0,0.0,3219707.7,3225423.6,3233287.5,3208857.0,3214188.0,3224256.0,3289810.0,3289990.0,3304186.0,3428681.0,3429713.0,3476510.0,3669562.0,3682867.0,3721309.0,3729113.0,3841234.0,6563118.0,484.4,497.1,524.3,451.0,451.0,481.0,621.0,632.0,681.0,911.0,942.0,1001.0,1323.0,1493.0,1573.0,1513.0,1673.0,5090.0,3220232.0,3225908.0,3233784.6,3209439.0,3214719.0,3224687.0,3290251.0,3290511.0,3304637.0,3429372.0,3430344.0,3478003.0,3670183.0,3683398.0,3722091.0,3730386.0,3842376.0,6563499.0,3400.0,3400.0,3400.0,0.0,0.0,0.0,38912.0,38912.0,38912.0,0.0,0.0,0.0,0.0,0.0,0.0,0.0,0.0,0.0,,,,,,,,,,,,,,,,,,,,,,,,,,,,,,,,,,,,,,,,0.0,0.0,0.0,0.0,0.0,0.0,0.0,0.0,0.0,60.0,65.0,67.0,0.0,0.0,0.0,100.0,100.0,100.0
scalar,hugetlb,prefault,l1d,3,6.4513690154999495,6.492377854883671,6.500651180744171,3189892.0,3218586.0,3244695.0,631.0,641.0,841.0,0.0,0.0,0.0,0.0,0.0,0.0,3225101.5,3245592.0,3249728.4,3215460.0,3238173.0,3239676.0,3297435.0,3313424.0,3325066.0,3419904.0,3514021.0,3556871.0,3654403.0,3745254.0,3813532.0,3808653.0,3946672.0,4120016.0,497.3,524.6,531.6,451.0,461.0,491.0,591.0,671.0,752.0,952.0,1082.0,1192.0,1543.0,1603.0,1623.0,1723.0,1733.0,1823.0,3225598.9,3246123.6,3250252.9,3215961.0,3238613.0,3240126.0,3298025.0,3314045.0,3325617.0,3420435.0,3514802.0,3557341.0,3654904.0,3746336.0,3814244.0,3810116.0,3947864.0,4121239.0,3400.0,3400.0,3400.0,0.0,0.0,0.0,38912.0,38912.0,38912.0,0.0,0.0,0.0,0.0,0.0,0.0,0.0,0.0,0.0,14126041.6675,14179630.1435,14191819.7375,25241073.929,25241073.948,25241073.99,1.7785650083550464,1.7800939582031772,1.7868469117624455,,,,,,,9718721.959,9718782.9335,9718916.5455,643485.4745,643512.077,643514.213,0.0662109150991918,0.06621254642812592,0.0662132369251562,,,,,,,,,,,,,,,,,,,,,,,,,,,,,,,100.0,100.0,100.0
scalar,hugetlb,prefault,l2,3,6.464348670095205,6.476349178701639,6.483014767989516,3170757.0,3212846.0,3272517.0,621.0,692.0,721.0,0.0,0.0,0.0,0.0,0.0,0.0,3231569.6,3237589.4,3240939.8,3231220.0,3232342.0,3232573.0,3287455.0,3300089.0,3309727.0,3404305.0,3414784.0,3441003.0,3617915.0,3706771.0,3811519.0,3648513.0,3978001.0,4028756.0,490.7,496.3,503.6,451.0,451.0,451.0,601.0,601.0,611.0,932.0,952.0,1022.0,1343.0,1352.0,1403.0,1422.0,1463.0,1483.0,3232060.3,3238093.0,3241436.1,3231711.0,3232903.0,3233014.0,3288077.0,3300640.0,3310188.0,3404816.0,3415746.0,3441895.0,3618536.0,3707483.0,3812390.0,3649084.0,3979243.0,4029617.0,3400.0,3400.0,3400.0,0.0,0.0,0.0,38912.0,38912.0,38912.0,0.0,0.0,0.0,0.0,0.0,0.0,0.0,0.0,0.0,14118363.5445,14183777.1505,14201922.846,25241073.9495,25241073.969,25241073.9755,1.777299751815593,1.7795735015556284,1.7878186728895362,,,,,,,,,,,,,,,,643918.8915,643956.6855,644323.555,33231.2305,33390.0665,33429.0785,0.05160476045713792,0.051854460151368305,0.05188244049218409,,,,,,,,,,,,,,,,,,,,,,100.0,100.0,100.0
scalar,thp,default,core,3,6.37451091222465,6.390141125768423,6.404190434142947,3194121.0,3235678.0,3281575.0,832.0,932.0,1293.0,1.0,1.0,1.0,0.0,0.0,0.0,3186667.0,3194336.2,3201454.4,3180104.0,3185344.0,3203758.0,3266836.0,3268369.0,3272377.0,3389327.0,3426416.0,3487981.0,3570486.0,3630018.0,3711931.0,3676545.0,3744973.0,3902368.0,530.9,558.8,565.4,481.0,521.0,531.0,691.0,791.0,811.0,1022.0,1132.0,1323.0,1613.0,1683.0,1803.0,1863.0,1863.0,6883.0,3187197.9,3194901.6,3202013.1,3180635.0,3185875.0,3204279.0,3267477.0,3268900.0,3273008.0,3389978.0,3427298.0,3490055.0,3571207.0,3630609.0,3713614.0,3677527.0,3746697.0,3904051.0,56808.0,56884.0,56904.0,38912.0,38912.0,38912.0,0.0,0.0,0.0,0.0,0.0,0.0,0.0,0.0,0.0,0.0,0.0,0.0,13964084.3395,13980648.6595,13987947.969,25242097.9635,25242098.229,25242098.356,1.8045604701591238,1.8055026518277981,1.8076443640918185,3277251.862,3277252.1455,3277252.2605,0.00030858794352721554,0.00030963866048113755,0.00031003537194725377,,,,,,,,,,,,,,,,,,,,,,,,,,,,,,,,,,,,,,,,100.0,100.0,100.0
scalar,thp,default,dtlb,3,6.376630647107959,6.382464403286576,6.419022191315889,3208197.0,3239876.0,3245126.0,702.0,752.0,1263.0,1.0,1.0,1.0,0.0,0.0,0.0,3187662.0,3190586.2,3208814.3,3174854.0,3178311.0,3203889.0,3261146.0,3271565.0,3279600.0,3464648.0,3466411.0,3466441.0,3625690.0,3702974.0,3778977.0,3735546.0,3820535.0,3947984.0,551.4,575.0,580.0,521.0,521.0,531.0,711.0,792.0,811.0,1232.0,1272.0,1313.0,1693.0,1833.0,1863.0,4338.0,5731.0,8586.0,3188237.0,3191166.2,3209365.7,3175545.0,3178852.0,3204349.0,3261717.0,3272276.0,3280041.0,3465359.0,3467052.0,3467333.0,3626461.0,3703876.0,3779548.0,3737129.0,3821317.0,3948565.0,56816.0,56848.0,56880.0,38912.0,38912.0,38912.0,0.0,0.0,0.0,0.0,0.0,0.0,0.0,0.0,0.0,0.0,0.0,0.0,13971206.038,13985639.624,14001193.4995,25242097.9515,25242097.9595,25242097.96,1.8028533039273706,1.8048583145731427,1.8067229044396402,,,,,,,,,,,,,,,,,,,,,,,,,1916.415,2048.2635,2052.716,192.1075,423.2415,710.648,,,,,,,,,,,,,,,,100.0,100.0,100.0
scalar,thp,default,faults,3,6.370614470914006,6.377272730693221,6.379888355731964,3198138.0,3218486.0,3232522.0,851.0,862.0,2575.0,1.0,1.0,1.0,0.0,0.0,0.0,3184684.6,3187993.5,3189314.3,3172340.0,3177529.0,3188901.0,3257810.0,3258521.0,3267437.0,3398183.0,3415686.0,3460129.0,3598459.0,3680032.0,3690622.0,3639967.0,3953554.0,6598935.0,536.1,557.0,589.5,471.0,521.0,541.0,711.0,782.0,832.0,1152.0,1242.0,1282.0,1633.0,1774.0,2254.0,2003.0,2986.0,5781.0,3185220.7,3188583.0,3189871.3,3172951.0,3178020.0,3189492.0,3258641.0,3258992.0,3268279.0,3398974.0,3416768.0,3461091.0,3599451.0,3680984.0,3691974.0,3640748.0,3955328.0,6599627.0,56848.0,56872.0,56876.0,38912.0,38912.0,40960.0,0.0,0.0,0.0,0.0,0.0,0.0,0.0,0.0,0.0,0.0,0.0,0.0,,,,,,,,,,,,,,,,,,,,,,,,,,,,,,,,,,,,,,,,0.0,0.0,0.0,0.0,0.0,0.0,0.0,0.0,0.0,65.0,66.0,71.0,0.0,0.0,0.0,100.0,100.0,100.0
scalar,thp,default,l1d,3,6.35484061203897,6.373763274401426,6.395589265972376,3146471.0,3220570.0,3374017.0,801.0,831.0,1322.0,1.0,1.0,1.0,0.0,0.0,0.0,3176766.7,3186253.7,3197089.7,3169905.0,3177028.0,3197436.0,3246970.0,3253792.0,3265575.0,3384297.0,3398524.0,3406138.0,3630920.0,3728252.0,3758379.0,3686724.0,3904773.0,3973081.0,531.8,573.3,643.1,471.0,551.0,581.0,711.0,742.0,881.0,1103.0,1162.0,1342.0,1473.0,1673.0,1764.0,1753.0,1874.0,23634.0,3177340.1,3186785.6,3197732.8,3170436.0,3177479.0,3198048.0,3247541.0,3254504.0,3266386.0,3385429.0,3399496.0,3407681.0,3631491.0,3730126.0,3759230.0,3688057.0,3906526.0,3973932.0,56864.0,56880.0,56904.0,38912.0,38912.0,38912.0,0.0,0.0,0.0,0.0,0.0,0.0,0.0,0.0,0.0,0.0,0.0,0.0,13916908.727,13952004.558,13964674.2545,25242097.9415,25242097.948,25242097.9845,1.8075679734073242,1.8092094109535195,1.813771900043302,,,,,,,9688881.6125,9689581.85,9690644.3495,643483.805,643733.2525,643855.677,0.06640986318723341,0.06642832295596672,0.06645304409224455,,,,,,,,,,,,,,,,,,,,,,,,,,,,,,,100.0,100.0,100.0
scalar,thp,default,l2,3,6.362512651830912,6.366502437740564,6.375320803374052,3249314.0,3267208.0,3315137.0,922.0,1022.0,1302.0,1.0,1.0,1.0,0.0,0.0,0.0,3180595.1,3182608.9,3187014.1,3168743.0,3169795.0,3177539.0,3254053.0,3259803.0,3261597.0,3385900.0,3447015.0,3504933.0,3595944.0,3632632.0,3641850.0,3633334.0,3728212.0,3903941.0,557.2,580.3,593.4,491.0,541.0,541.0,781.0,791.0,871.0,1153.0,1243.0,1383.0,1813.0,1854.0,2344.0,1853.0,2806.0,2846.0,3181188.4,3183166.1,3187594.4,3169213.0,3170296.0,3178090.0,3254914.0,3260284.0,3262248.0,3386912.0,3447656.0,3505895.0,3596575.0,3634015.0,3642491.0,3634065.0,3729014.0,3905404.0,56836.0,56884.0,56892.0,38912.0,38912.0,38912.0,0.0,0.0,0.0,0.0,0.0,0.0,0.0,0.0,0.0,0.0,0.0,0.0,13933028.8175,13941335.946,13969349.9435,25242097.934,25242097.9425,25242097.9575,1.8069629613828422,1.8105939097423713,1.8116734175052962,,,,,,,,,,,,,,,,643854.883,644274.0455,644293.1675,21890.5805,22764.4265,22876.2555,0.0339761177119731,0.035356455470106296,0.03550702633418437,,,,,,,,,,,,,,,,,,,,,,100.0,100.0,100.0
scalar,thp,locked,core,3,6.340114800259471,6.3858563508838415,6.392751486971974,3149115.0,3161188.0,3194671.0,671.0,851.0,872.0,0.0,0.0,0.0,0.0,0.0,0.0,3169411.2,3192294.9,3195730.7,3160948.0,3187758.0,3187929.0,3242711.0,3261256.0,3267938.0,3381391.0,3397602.0,3447936.0,3614348.0,3626330.0,3633805.0,3689159.0,3827438.0,3835613.0,549.2,571.6,584.8,500.0,531.0,541.0,761.0,812.0,851.0,1143.0,1202.0,1212.0,1723.0,1734.0,1983.0,1793.0,4900.0,5961.0,3169982.8,3192844.1,3196315.5,3161489.0,3188269.0,3188480.0,3243443.0,3261717.0,3268499.0,3382192.0,3398363.0,3448647.0,3614829.0,3627022.0,3635207.0,3690161.0,3829392.0,3837347.0,57860.0,57860.0,57860.0,38912.0,38912.0,38912.0,0.0,0.0,0.0,0.0,0.0,0.0,55736.0,55736.0,55736.0,57852.0,57852.0,57852.0,13954973.9005,13979863.0915,13994303.3425,25242097.908,25242097.937,25242097.9735,1.8037409450987825,1.8056040898460326,1.8088244440998624,3277251.8485,3277251.8595,3277251.866,0.0003090789299744349,0.0003092713173880495,0.0003094489062426415,,,,,,,,,,,,,,,,,,,,,,,,,,,,,,,,,,,,,,,,100.0,100.0,100.0
scalar,thp,locked,dtlb,3,6.380738511681557,6.406707409769297,6.415683563798666,3178801.0,3179122.0,3202787.0,832.0,852.0,922.0,0.0,0.0,0.0,0.0,0.0,0.0,3189647.0,3202706.0,3207076.4,3186005.0,3193570.0,3200893.0,3259253.0,3276325.0,3279541.0,3426446.0,3489525.0,3550228.0,3617735.0,3709898.0,3880257.0,3691322.0,3747908.0,4077287.0,545.8,578.1,605.4,481.0,531.0,561.0,751.0,831.0,842.0,1183.0,1212.0,1293.0,1533.0,1763.0,2074.0,2144.0,5921.0,7835.0,3190225.1,3203251.8,3207681.8,3186556.0,3194120.0,3201464.0,3259734.0,3276876.0,3280072.0,3427609.0,3490396.0,3550959.0,3618346.0,3711020.0,3881630.0,3692384.0,3748740.0,4078038.0,57860.0,57860.0,57860.0,38912.0,38912.0,38912.0,0.0,0.0,0.0,0.0,0.0,0.0,55736.0,55736.0,55736.0,57852.0,57852.0,57852.0,13963442.22,13987960.242,13993885.963,25242097.934,25242097.9425,25242097.9555,1.8037947445220295,1.8045588853411612,1.8077274597695867,,,,,,,,,,,,,,,,,,,,,,,,,1882.6935,2028.475,2082.352,182.8855,204.8255,293.3175,,,,,,,,,,,,,,,,100.0,100.0,100.0
scalar,thp,locked,faults,3,6.356502953916788,6.367547610774636,6.382538193836808,3146331.0,3182178.0,3260445.0,762.0,832.0,1363.0,0.0,0.0,0.0,0.0,0.0,0.0,3177607.5,3183138.0,3190645.3,3166539.0,3173221.0,3178882.0,3254533.0,3258311.0,3272327.0,3388575.0,3436013.0,3454058.0,3590604.0,3694970.0,3863776.0,3683007.0,3955117.0,3977299.0,546.2,559.5,578.3,491.0,521.0,541.0,761.0,782.0,801.0,1092.0,1172.0,1192.0,1443.0,1513.0,1523.0,1804.0,1814.0,2475.0,3178185.7,3183684.2,3191204.7,3167079.0,3173622.0,3179403.0,3255114.0,3259092.0,3272888.0,3389427.0,3436735.0,3454780.0,3591105.0,3695962.0,3865029.0,3684160.0,3956921.0,3978060.0,57860.0,57860.0,57860.0,38912.0,38912.0,38912.0,0.0,0.0,0.0,0.0,0.0,0.0,55736.0,55736.0,55736.0,57852.0,57852.0,57852.0,,,,,,,,,,,,,,,,,,,,,,,,,,,,,,,,,,,,,,,,0.0,0.0,0.0,0.0,0.0,0.0,0.0,0.0,0.0,53.0,63.0,65.0,0.0,0.0,0.0,100.0,100.0,100.0
scalar,thp,locked,l1d,3,6.391012974083424,6.402573559433222,6.42916407994926,3138937.0,3154085.0,3172480.0,622.0,782.0,841.0,0.0,0.0,0.0,0.0,0.0,0.0,3194846.7,3200673.1,3213861.4,3184161.0,3188350.0,3208247.0,3267779.0,3277036.0,3282967.0,3427338.0,3500695.0,3541341.0,3804264.0,3805918.0,3926093.0,3996806.0,4344618.0,6404281.0,523.5,577.3,602.2,471.0,531.0,551.0,681.0,801.0,852.0,1102.0,1243.0,1312.0,1803.0,1813.0,2043.0,2033.0,2104.0,6803.0,3195424.0,3201196.6,3214463.7,3184753.0,3188911.0,3208738.0,3268470.0,3277557.0,3283538.0,3428560.0,3501326.0,3542103.0,3805246.0,3806379.0,3926544.0,3997577.0,4345299.0,6404822.0,57860.0,57860.0,57860.0,38912.0,38912.0,38912.0,0.0,0.0,0.0,0.0,0.0,0.0,55736.0,55736.0,55736.0,57852.0,57852.0,57852.0,13988963.491,13999997.4815,14007736.1405,25242097.946,25242098.232,25242098.238,1.802011258551519,1.803007341348142,1.804429467718596,,,,,,,9688540.46,9689950.836,9690382.576,643276.2865,643894.9225,643957.166,0.06639558240540186,0.06644680098541447,0.06645618506211376,,,,,,,,,,,,,,,,,,,,,,,,,,,,,,,100.0,100.0,100.0
scalar,thp,locked,l2,3,6.391607975587249,6.3968283999711275,6.422253647819161,3143065.0,3176787.0,3200683.0,852.0,912.0,982.0,0.0,0.0,0.0,0.0,0.0,0.0,3195156.3,3197672.4,3210393.9,3185765.0,3187338.0,3197637.0,3266776.0,3273018.0,3299268.0,3446234.0,3471641.0,3621392.0,3646178.0,3747849.0,3750183.0,3799546.0,3932866.0,4049605.0,560.7,600.4,634.2,521.0,561.0,561.0,772.0,831.0,902.0,1152.0,1292.0,1293.0,1543.0,1744.0,1854.0,1854.0,2244.0,2505.0,3195716.9,3198272.8,3211028.1,3186265.0,3187769.0,3198208.0,3267538.0,3273459.0,3299809.0,3446955.0,3472923.0,3622274.0,3647120.0,3748881.0,3751866.0,3800257.0,3933547.0,4050647.0,57860.0,57860.0,57860.0,38912.0,38912.0,38912.0,0.0,0.0,0.0,0.0,0.0,0.0,55736.0,55736.0,55736.0,57852.0,57852.0,57852.0,13989657.1385,13991261.3575,14018575.251,25242097.9535,25242097.9545,25242098.1545,1.8006179302493228,1.8041331306393618,1.8043399995152782,,,,,,,,,,,,,,,,644433.0335,644497.4855,644612.0205,23393.855,23831.8155,28064.7275,0.03630145225943015,0.03697078978067242,0.043545131100437784,,,,,,,,,,,,,,,,,,,,,,100.0,100.0,100.0
scalar,thp,prefault,core,3,6.357658606022596,6.357994619756937,6.4017333798110485,3218035.0,3222964.0,3402351.0,761.0,1473.0,1683.0,0.0,0.0,0.0,0.0,0.0,0.0,3178108.4,3178243.6,3200220.7,3170236.0,3170396.0,3191976.0,3247370.0,3256828.0,3276014.0,3369990.0,3380299.0,3465199.0,3577800.0,3609559.0,3992918.0,3716690.0,4269627.0,4302970.0,536.5,632.7,639.6,481.0,601.0,611.0,731.0,862.0,872.0,1142.0,1263.0,1293.0,1603.0,1693.0,1833.0,1793.0,1803.0,2574.0,3178741.1,3178883.1,3200757.1,3170807.0,3171157.0,3192437.0,3248071.0,3257439.0,3276675.0,3371002.0,3381762.0,3465760.0,3578671.0,3610441.0,3993650.0,3717742.0,4270519.0,4303851.0,57860.0,57860.0,57860.0,38912.0,38912.0,38912.0,0.0,0.0,0.0,0.0,0.0,0.0,0.0,0.0,0.0,0.0,0.0,0.0,13918759.991,13991383.0435,13991509.4045,25242097.928,25242097.959,25242097.984,1.804101130066892,1.8041174275281358,1.8135306575673247,3277251.8565,3277251.8595,3277251.8705,0.00030906748807353905,0.0003099708366890355,0.000310256593078051,,,,,,,,,,,,,,,,,,,,,,,,,,,,,,,,,,,,,,,,100.0,100.0,100.0
scalar,thp,prefault,dtlb,3,6.356021162122488,6.378361232578754,6.410928767174482,3222113.0,3321960.0,3332510.0,931.0,1052.0,1533.0,0.0,0.0,0.0,0.0,0.0,0.0,3177320.9,3188511.0,3204830.1,3168402.0,3175155.0,3199721.0,3247811.0,3269161.0,3269833.0,3417309.0,3425144.0,3520923.0,3701091.0,3778556.0,3784387.0,3863335.0,4156996.0,6495070.0,553.0,554.1,600.8,481.0,511.0,551.0,762.0,791.0,812.0,1152.0,1202.0,1242.0,1443.0,1643.0,1643.0,1893.0,2786.0,4689.0,3177921.7,3189064.0,3205384.2,3168873.0,3175686.0,3200362.0,3248793.0,3269772.0,3270484.0,3418050.0,3425885.0,3521805.0,3702194.0,3779438.0,3785048.0,3865138.0,4157868.0,6495531.0,57860.0,57860.0,57860.0,38912.0,38912.0,38912.0,0.0,0.0,0.0,0.0,0.0,0.0,0.0,0.0,0.0,0.0,0.0,0.0,13926563.579,13979216.0465,13987482.302,25242097.927,25242097.9335,25242097.989,1.804620544891825,1.8056876655339986,1.8125144644485596,,,,,,,,,,,,,,,,,,,,,,,,,1801.934,1833.9695,1883.1045,79.7245,237.3615,278.3275,,,,,,,,,,,,,,,,100.0,100.0,100.0
scalar,thp,prefault,faults,3,6.378211120143533,6.38882546313107,6.398566713556647,3214328.0,3227693.0,3251919.0,781.0,851.0,1152.0,0.0,0.0,0.0,0.0,0.0,0.0,3188471.0,3193752.0,3198605.0,3183671.0,3187117.0,3188329.0,3258892.0,3262419.0,3271947.0,3411017.0,3420715.0,3512878.0,3659563.0,3693176.0,3931894.0,3863957.0,4005642.0,4041189.0,571.1,575.1,592.8,531.0,531.0,541.0,781.0,801.0,811.0,1112.0,1162.0,1192.0,1493.0,1512.0,1713.0,1813.0,1894.0,2204.0,3189042.2,3194344.8,3199180.0,3184362.0,3187708.0,3189081.0,3259623.0,3263169.0,3272517.0,3411718.0,3421807.0,3513940.0,3660245.0,3694158.0,3932655.0,3865359.0,4007075.0,4042631.0,57860.0,57860.0,57860.0,38912.0,38912.0,38912.0,0.0,0.0,0.0,0.0,0.0,0.0,0.0,0.0,0.0,0.0,0.0,0.0,,,,,,,,,,,,,,,,,,,,,,,,,,,,,,,,,,,,,,,,0.0,0.0,0.0,0.0,0.0,0.0,0.0,0.0,0.0,60.0,68.0,73.0,0.0,0.0,0.0,100.0,100.0,100.0
scalar,thp,prefault,l1d,3,6.380118573084474,6.384354755282402,6.387274978682399,3177850.0,3192998.0,3257790.0,691.0,761.0,1012.0,0.0,0.0,0.0,0.0,0.0,0.0,3189443.0,3191484.2,3192982.3,3174994.0,3181877.0,3183230.0,3258701.0,3266265.0,3273109.0,3441234.0,3497910.0,3522897.0,3622734.0,3688898.0,3804315.0,3631290.0,4130677.0,6474052.0,529.8,548.2,604.0,471.0,511.0,551.0,691.0,771.0,842.0,1132.0,1192.0,1193.0,1473.0,1483.0,2575.0,2003.0,5360.0,7644.0,3189991.2,3192088.2,3193512.1,3175726.0,3182338.0,3183831.0,3259232.0,3266936.0,3273560.0,3442326.0,3499122.0,3524169.0,3623275.0,3689900.0,3805677.0,3631791.0,4132420.0,6474603.0,57860.0,57860.0,57860.0,38912.0,38912.0,40960.0,0.0,0.0,0.0,0.0,0.0,0.0,0.0,0.0,0.0,0.0,0.0,0.0,13931246.7685,13982538.513,14000020.8205,25242097.9175,25242097.933,25242098.065,1.803004313824906,1.8052586117700757,1.8119051608916306,,,,,,,9688424.309,9689232.1275,9690871.5275,643333.4985,643344.8185,643511.1395,0.0663855151391078,0.066403451993981,0.06641508130180773,,,,,,,,,,,,,,,,,,,,,,,,,,,,,,,100.0,100.0,100.0
scalar,thp,prefault,l2,3,6.366550352424383,6.376312216743827,6.3801518101245165,3205853.0,3240357.0,3261246.0,751.0,932.0,982.0,0.0,0.0,0.0,0.0,0.0,0.0,3182673.0,3187464.6,3189453.7,3174694.0,3175836.0,3176678.0,3257419.0,3265203.0,3265504.0,3420044.0,3428791.0,3462233.0,3640347.0,3645267.0,3796931.0,3849449.0,3869096.0,3994832.0,510.0,537.6,579.9,461.0,481.0,531.0,701.0,712.0,831.0,1112.0,1132.0,1142.0,1513.0,1573.0,1623.0,1733.0,1844.0,1914.0,3183183.0,3188044.5,3189991.3,3175214.0,3176307.0,3177178.0,3258070.0,3265765.0,3266226.0,3420916.0,3429452.0,3462774.0,3641339.0,3646479.0,3798053.0,3850862.0,3871010.0,3996274.0,57860.0,57860.0,57860.0,38912.0,38912.0,40960.0,0.0,0.0,0.0,0.0,0.0,0.0,0.0,0.0,0.0,0.0,0.0,0.0,13948441.286,13979595.2185,13987641.9775,25242097.9295,25242097.947,25242097.948,1.8045999452662214,1.805638686490413,1.8096715906769743,,,,,,,,,,,,,,,,643833.2685,644382.5575,644774.331,22929.7215,23484.854,28230.551,0.03556239818734347,0.036445514743778586,0.04384761145656765,,,,,,,,,,,,,,,,,,,,,,100.0,100.0,100.0
